topic,comp,seed,month,num_tr1,num_tr2,num_te1,num_te2,val,test,num_feats,time
IllegalImmi,ER_R,4,Jan,376,652,125,218,0.6643,0.6731,768,10.75
IllegalImmi,ER_R,3,Jan,376,652,125,218,0.6704,0.6486,768,13.76
IllegalImmi,ER_R,0,Jan,376,652,125,218,0.6639,0.6686,768,14.02
IllegalImmi,ER_R,8,Jan,376,652,125,218,0.6604,0.7069,768,13.93
IllegalImmi,ER_R,6,Jan,376,652,125,218,0.6608,0.6704,768,14.01
IllegalImmi,ER_R,5,Jan,376,652,125,218,0.6934,0.6629,768,14.11
IllegalImmi,ER_R,7,Jan,376,652,125,218,0.6652,0.6869,768,14.40
IllegalImmi,ER_R,9,Jan,376,652,125,218,0.6591,0.6704,768,14.38
IllegalImmi,ER_R,1,Jan,376,652,125,218,0.671,0.6703,768,14.54
IllegalImmi,ER_R,2,Jan,376,652,125,218,0.6579,0.6892,768,14.62
IllegalImmi,ER_RC,0,Jan,375,327,126,109,0.7916,0.8332,768,18.38
IllegalImmi,ER_RC,1,Jan,375,327,126,109,0.8133,0.7995,768,13.47
IllegalImmi,ER_LC,0,Jan,376,1134,125,379,0.8429,0.8445,768,13.16
IllegalImmi,ER_RC,7,Jan,375,327,126,109,0.7842,0.7907,768,13.80
IllegalImmi,ER_RC,6,Jan,375,327,126,109,0.7973,0.7959,768,16.15
IllegalImmi,ER_RC,2,Jan,375,327,126,109,0.7774,0.8381,768,16.75
IllegalImmi,ER_RC,5,Jan,375,327,126,109,0.819,0.7702,768,16.73
IllegalImmi,ER_RC,3,Jan,375,327,126,109,0.7918,0.8262,768,17.16
IllegalImmi,ER_LC,1,Jan,376,1134,125,379,0.8379,0.8486,768,12.83
IllegalImmi,ER_RC,4,Jan,375,327,126,109,0.8094,0.8112,768,17.70
IllegalImmi,ER_RC,9,Jan,375,327,126,109,0.7917,0.8527,768,17.86
IllegalImmi,ER_LC,2,Jan,376,1134,125,379,0.8336,0.8739,768,8.88
IllegalImmi,ER_RC,8,Jan,375,327,126,109,0.8009,0.8389,768,19.91
IllegalImmi,ER_LC,3,Jan,376,1134,125,379,0.846,0.8338,768,13.03
IllegalImmi,ER_LC,4,Jan,376,1134,125,379,0.8447,0.858,768,12.92
IllegalImmi,ER_LC,6,Jan,376,1134,125,379,0.8371,0.8699,768,12.45
IllegalImmi,ER_LC,5,Jan,376,1134,125,379,0.8479,0.842,768,12.78
IllegalImmi,ER_LC,7,Jan,376,1134,125,379,0.8492,0.8565,768,12.32
IllegalImmi,ER_LC,8,Jan,376,1134,125,379,0.843,0.8593,768,12.15
IllegalImmi,ER_LC,9,Jan,376,1134,125,379,0.8461,0.8526,768,12.56
IllegalImmi,ER_L,2,Jan,376,259,125,87,0.7662,0.7926,768,17.30
IllegalImmi,R_RC,0,Jan,652,327,218,109,0.6806,0.6697,768,9.35
IllegalImmi,ER_L,0,Jan,376,259,125,87,0.7898,0.7943,768,21.99
IllegalImmi,ER_L,1,Jan,376,259,125,87,0.7759,0.7616,768,21.61
IllegalImmi,ER_L,3,Jan,376,259,125,87,0.7866,0.7598,768,20.64
IllegalImmi,R_RC,1,Jan,652,327,218,109,0.6648,0.6743,768,9.00
IllegalImmi,ER_L,7,Jan,376,259,125,87,0.7981,0.7363,768,17.94
IllegalImmi,R_RC,2,Jan,652,327,218,109,0.6634,0.6835,768,8.84
IllegalImmi,ER_L,5,Jan,376,259,125,87,0.7722,0.7926,768,21.40
IllegalImmi,ER_L,9,Jan,376,259,125,87,0.7706,0.7858,768,19.79
IllegalImmi,ER_L,4,Jan,376,259,125,87,0.7716,0.7771,768,22.39
IllegalImmi,ER_L,8,Jan,376,259,125,87,0.7791,0.7661,768,20.88
IllegalImmi,R_RC,3,Jan,652,327,218,109,0.6594,0.695,768,11.08
IllegalImmi,R_RC,4,Jan,652,327,218,109,0.677,0.6789,768,10.91
IllegalImmi,ER_L,6,Jan,376,259,125,87,0.8001,0.7633,768,22.18
IllegalImmi,R_RC,5,Jan,652,327,218,109,0.6679,0.6789,768,10.71
IllegalImmi,R_RC,6,Jan,652,327,218,109,0.6793,0.7294,768,9.75
IllegalImmi,C_ER,0,Jan,492,375,164,126,0.8387,0.8407,768,6.58
IllegalImmi,C_ER,1,Jan,492,375,164,126,0.8296,0.8639,768,6.98
IllegalImmi,C_ER,3,Jan,492,375,164,126,0.8512,0.8285,768,5.57
IllegalImmi,C_ER,2,Jan,492,375,164,126,0.8286,0.8923,768,6.50
IllegalImmi,C_ER,5,Jan,492,375,164,126,0.8634,0.8255,768,5.62
IllegalImmi,R_RC,7,Jan,652,327,218,109,0.6869,0.6353,768,10.16
IllegalImmi,C_ER,4,Jan,492,375,164,126,0.8435,0.8502,768,6.60
IllegalImmi,C_ER,6,Jan,492,375,164,126,0.8432,0.8655,768,6.19
IllegalImmi,R_RC,9,Jan,652,327,218,109,0.6702,0.6743,768,9.52
IllegalImmi,R_RC,8,Jan,652,327,218,109,0.6733,0.6606,768,10.12
IllegalImmi,C_ER,7,Jan,492,375,164,126,0.84,0.8615,768,6.12
IllegalImmi,C_ER,8,Jan,492,375,164,126,0.8607,0.8676,768,6.71
IllegalImmi,C_ER,9,Jan,492,375,164,126,0.8434,0.8551,768,6.21
IllegalImmi,C_R,0,Jan,492,652,164,218,0.7108,0.7413,768,10.82
IllegalImmi,C_R,2,Jan,492,652,164,218,0.696,0.7794,768,11.25
IllegalImmi,C_R,6,Jan,492,652,164,218,0.7212,0.7176,768,10.47
IllegalImmi,C_R,1,Jan,492,652,164,218,0.7144,0.7404,768,12.25
IllegalImmi,C_R,3,Jan,492,652,164,218,0.7148,0.7282,768,12.36
IllegalImmi,C_R,5,Jan,492,652,164,218,0.7239,0.7099,768,11.95
IllegalImmi,C_R,7,Jan,492,652,164,218,0.7189,0.7176,768,11.88
IllegalImmi,C_R,4,Jan,492,652,164,218,0.7475,0.7275,768,12.80
IllegalImmi,C_RC,0,Jan,492,327,164,109,0.6438,0.6335,768,10.28
IllegalImmi,C_R,8,Jan,492,652,164,218,0.736,0.7251,768,11.97
IllegalImmi,C_R,9,Jan,492,652,164,218,0.7303,0.7115,768,11.97
IllegalImmi,C_RC,1,Jan,492,327,164,109,0.6107,0.7023,768,9.32
IllegalImmi,C_RC,2,Jan,492,327,164,109,0.6229,0.6534,768,9.17
IllegalImmi,C_RC,3,Jan,492,327,164,109,0.6321,0.6366,768,9.27
IllegalImmi,C_RC,4,Jan,492,327,164,109,0.6252,0.629,768,10.09
IllegalImmi,C_RC,7,Jan,492,327,164,109,0.6189,0.603,768,9.84
IllegalImmi,C_RC,6,Jan,492,327,164,109,0.6229,0.6443,768,10.06
IllegalImmi,C_RC,5,Jan,492,327,164,109,0.6136,0.6273,768,10.78
IllegalImmi,C_RC,8,Jan,492,327,164,109,0.6258,0.6229,768,10.12
IllegalImmi,C_RC,9,Jan,492,327,164,109,0.599,0.6442,768,10.21
IllegalImmi,C_LC,0,Jan,492,1134,164,379,0.5925,0.6337,768,22.84
IllegalImmi,C_LC,1,Jan,492,1134,164,379,0.6009,0.6055,768,23.70
IllegalImmi,C_LC,2,Jan,492,1134,164,379,0.6203,0.5901,768,21.75
IllegalImmi,C_LC,4,Jan,492,1134,164,379,0.587,0.5842,768,21.46
IllegalImmi,C_LC,3,Jan,492,1134,164,379,0.5976,0.6114,768,23.09
IllegalImmi,C_LC,6,Jan,492,1134,164,379,0.6363,0.5741,768,21.49
IllegalImmi,C_LC,7,Jan,492,1134,164,379,0.5962,0.6052,768,21.70
IllegalImmi,C_LC,5,Jan,492,1134,164,379,0.6263,0.584,768,23.10
IllegalImmi,C_LC,9,Jan,492,1134,164,379,0.6071,0.5664,768,22.25
IllegalImmi,C_LC,8,Jan,492,1134,164,379,0.6012,0.6156,768,23.04
IllegalImmi,C_L,0,Jan,492,259,164,87,0.7721,0.7124,768,20.98
IllegalImmi,C_L,1,Jan,492,259,164,87,0.758,0.7912,768,19.49
IllegalImmi,C_L,3,Jan,492,259,164,87,0.7801,0.7615,768,20.06
IllegalImmi,C_L,2,Jan,492,259,164,87,0.782,0.7277,768,20.28
IllegalImmi,C_L,4,Jan,492,259,164,87,0.749,0.7929,768,19.16
IllegalImmi,C_L,7,Jan,492,259,164,87,0.7694,0.7459,768,17.06
IllegalImmi,C_L,5,Jan,492,259,164,87,0.7669,0.7851,768,19.76
IllegalImmi,C_L,6,Jan,492,259,164,87,0.747,0.7764,768,19.66
IllegalImmi,C_L,8,Jan,492,259,164,87,0.7628,0.7151,768,20.39
IllegalImmi,C_L,9,Jan,492,259,164,87,0.7506,0.7534,768,20.53
IllegalImmi,LC_R,1,Jan,1135,652,378,218,0.7342,0.7474,768,19.37
IllegalImmi,LC_R,0,Jan,1135,652,378,218,0.7327,0.7307,768,20.30
IllegalImmi,LC_R,2,Jan,1135,652,378,218,0.7316,0.7371,768,20.73
IllegalImmi,LC_R,4,Jan,1135,652,378,218,0.7418,0.711,768,19.40
IllegalImmi,LC_R,7,Jan,1135,652,378,218,0.7426,0.7156,768,17.89
IllegalImmi,LC_R,5,Jan,1135,652,378,218,0.7348,0.7199,768,19.87
IllegalImmi,LC_R,6,Jan,1135,652,378,218,0.7177,0.7509,768,20.33
IllegalImmi,LC_R,3,Jan,1135,652,378,218,0.7402,0.7218,768,20.95
IllegalImmi,LC_RC,1,Jan,1134,327,379,109,0.6211,0.5683,768,17.28
IllegalImmi,LC_R,8,Jan,1135,652,378,218,0.7317,0.757,768,20.77
IllegalImmi,LC_RC,0,Jan,1134,327,379,109,0.6095,0.6189,768,18.67
IllegalImmi,LC_R,9,Jan,1135,652,378,218,0.7425,0.7379,768,19.70
IllegalImmi,LC_RC,2,Jan,1134,327,379,109,0.6255,0.604,768,19.85
IllegalImmi,L_R,2,Jan,259,653,87,217,0.7018,0.7595,768,7.34
IllegalImmi,L_R,1,Jan,260,652,86,218,0.7269,0.7086,768,7.77
IllegalImmi,L_R,0,Jan,259,653,87,217,0.7311,0.7411,768,7.87
IllegalImmi,L_R,3,Jan,259,653,87,217,0.7285,0.717,768,7.54
IllegalImmi,LC_RC,3,Jan,1134,327,379,109,0.6031,0.6208,768,18.12
IllegalImmi,L_R,5,Jan,260,652,86,218,0.7338,0.6968,768,7.25
IllegalImmi,L_R,4,Jan,259,653,87,217,0.7023,0.7043,768,7.69
IllegalImmi,LC_RC,6,Jan,1134,327,379,109,0.5948,0.6131,768,18.95
IllegalImmi,LC_RC,8,Jan,1134,327,379,109,0.6043,0.6177,768,18.45
IllegalImmi,L_R,6,Jan,259,653,87,217,0.7187,0.7043,768,7.95
IllegalImmi,LC_RC,7,Jan,1134,327,379,109,0.5989,0.5801,768,18.88
IllegalImmi,LC_RC,5,Jan,1134,327,379,109,0.6226,0.6336,768,20.27
IllegalImmi,LC_RC,4,Jan,1134,327,379,109,0.6012,0.6268,768,20.56
IllegalImmi,L_R,7,Jan,260,652,86,218,0.7207,0.6985,768,7.44
IllegalImmi,LC_RC,9,Jan,1134,327,379,109,0.6083,0.6136,768,18.43
IllegalImmi,L_R,8,Jan,260,652,86,218,0.698,0.7805,768,8.39
IllegalImmi,L_R,9,Jan,259,653,87,217,0.7261,0.663,768,8.21
IllegalImmi,L_RC,1,Jan,259,327,87,109,0.7515,0.7635,768,11.85
IllegalImmi,L_RC,2,Jan,259,327,87,109,0.7243,0.7704,768,12.28
IllegalImmi,L_RC,0,Jan,259,327,87,109,0.7531,0.7578,768,13.41
IllegalImmi,L_RC,5,Jan,259,327,87,109,0.7581,0.7336,768,12.78
IllegalImmi,L_RC,3,Jan,259,327,87,109,0.7844,0.7199,768,13.24
IllegalImmi,L_RC,6,Jan,259,327,87,109,0.7524,0.7704,768,13.46
IllegalImmi,L_RC,4,Jan,259,327,87,109,0.7733,0.7451,768,13.88
IllegalImmi,L_RC,7,Jan,259,327,87,109,0.7431,0.7784,768,14.42
IllegalImmi,L_RC,8,Jan,259,327,87,109,0.74,0.7991,768,14.67
IllegalImmi,L_RC,9,Jan,259,327,87,109,0.7535,0.7611,768,12.46
IllegalImmi,L_LC,0,Jan,259,1135,87,378,0.7238,0.7557,768,12.61
IllegalImmi,L_LC,1,Jan,259,1135,87,378,0.7522,0.7084,768,12.80
IllegalImmi,L_LC,2,Jan,259,1135,87,378,0.7196,0.7797,768,12.69
IllegalImmi,L_LC,4,Jan,259,1135,87,378,0.7425,0.7337,768,12.12
IllegalImmi,L_LC,5,Jan,259,1135,87,378,0.752,0.6983,768,12.15
IllegalImmi,L_LC,3,Jan,259,1135,87,378,0.7324,0.7302,768,12.78
IllegalImmi,L_LC,6,Jan,259,1135,87,378,0.728,0.7576,768,12.94
IllegalImmi,L_LC,7,Jan,259,1135,87,378,0.7334,0.7319,768,13.33
IllegalImmi,L_LC,8,Jan,259,1135,87,378,0.7294,0.7505,768,12.61
IllegalImmi,L_LC,9,Jan,259,1135,87,378,0.7304,0.7541,768,11.96
IllegalImmi,ER_RC,0,Feb,216,165,72,56,0.779,0.7688,768,11.60
IllegalImmi,ER_R,0,Feb,216,350,72,117,0.5861,0.6597,768,24.52
IllegalImmi,ER_R,1,Feb,216,350,72,117,0.614,0.6234,768,23.28
IllegalImmi,ER_R,5,Feb,216,350,72,117,0.6179,0.6181,768,22.55
IllegalImmi,ER_R,7,Feb,216,350,72,117,0.6552,0.5262,768,21.10
IllegalImmi,ER_R,2,Feb,216,350,72,117,0.6188,0.649,768,24.34
IllegalImmi,ER_R,6,Feb,216,350,72,117,0.6394,0.6426,768,23.00
IllegalImmi,ER_R,3,Feb,216,350,72,117,0.6213,0.6127,768,23.83
IllegalImmi,ER_R,4,Feb,216,350,72,117,0.6262,0.625,768,23.52
IllegalImmi,ER_R,8,Feb,216,350,72,117,0.6447,0.6095,768,22.73
IllegalImmi,ER_R,9,Feb,216,350,72,117,0.6206,0.6213,768,23.35
IllegalImmi,ER_RC,1,Feb,216,165,72,56,0.7772,0.7113,768,12.83
IllegalImmi,ER_RC,2,Feb,216,165,72,56,0.7621,0.7986,768,11.68
IllegalImmi,ER_RC,3,Feb,216,165,72,56,0.7725,0.7956,768,11.56
IllegalImmi,ER_LC,0,Feb,216,621,72,207,0.8211,0.805,768,4.90
IllegalImmi,ER_LC,1,Feb,216,621,72,207,0.8029,0.8493,768,4.95
IllegalImmi,ER_LC,2,Feb,216,621,72,207,0.805,0.8702,768,5.01
IllegalImmi,ER_LC,3,Feb,216,621,72,207,0.8313,0.7971,768,4.95
IllegalImmi,ER_RC,5,Feb,216,165,72,56,0.7684,0.8026,768,10.70
IllegalImmi,ER_RC,4,Feb,216,165,72,56,0.7779,0.7946,768,11.01
IllegalImmi,ER_RC,7,Feb,216,165,72,56,0.7561,0.7708,768,10.94
IllegalImmi,ER_RC,8,Feb,216,165,72,56,0.7644,0.7976,768,10.87
IllegalImmi,ER_RC,6,Feb,216,165,72,56,0.7873,0.8423,768,11.17
IllegalImmi,ER_LC,4,Feb,216,621,72,207,0.8157,0.8521,768,5.12
IllegalImmi,ER_LC,5,Feb,216,621,72,207,0.8165,0.8584,768,5.21
IllegalImmi,ER_RC,9,Feb,216,165,72,56,0.762,0.7629,768,11.84
IllegalImmi,ER_LC,6,Feb,216,621,72,207,0.8274,0.805,768,4.90
IllegalImmi,ER_LC,7,Feb,216,621,72,207,0.8246,0.8077,768,4.48
IllegalImmi,ER_LC,8,Feb,216,621,72,207,0.8449,0.7609,768,4.74
IllegalImmi,ER_LC,9,Feb,216,621,72,207,0.8154,0.8514,768,5.18
IllegalImmi,ER_L,0,Feb,216,147,72,50,0.8006,0.7958,768,10.62
IllegalImmi,ER_L,2,Feb,216,147,72,50,0.7528,0.7889,768,10.99
IllegalImmi,ER_L,4,Feb,216,147,72,50,0.7986,0.8497,768,10.96
IllegalImmi,ER_L,5,Feb,216,147,72,50,0.7883,0.7558,768,10.92
IllegalImmi,ER_L,3,Feb,216,147,72,50,0.7569,0.7967,768,11.49
IllegalImmi,ER_L,7,Feb,216,147,72,50,0.7875,0.8128,768,10.85
IllegalImmi,ER_L,1,Feb,216,147,72,50,0.8051,0.6936,768,12.72
IllegalImmi,ER_L,6,Feb,216,147,72,50,0.7921,0.7828,768,11.54
IllegalImmi,ER_L,8,Feb,216,147,72,50,0.8274,0.7281,768,10.43
IllegalImmi,ER_L,9,Feb,216,147,72,50,0.7667,0.7758,768,11.09
IllegalImmi,R_RC,0,Feb,350,166,117,55,0.6491,0.6605,768,18.74
IllegalImmi,C_ER,0,Feb,213,216,72,72,0.7599,0.7847,768,13.10
IllegalImmi,R_RC,1,Feb,350,166,117,55,0.6515,0.6392,768,18.20
IllegalImmi,R_RC,2,Feb,350,166,117,55,0.6348,0.6237,768,19.10
IllegalImmi,R_RC,4,Feb,350,166,117,55,0.6347,0.5424,768,20.29
IllegalImmi,R_RC,9,Feb,350,166,117,55,0.6415,0.6434,768,19.32
IllegalImmi,R_RC,8,Feb,350,166,117,55,0.642,0.6627,768,19.68
IllegalImmi,R_RC,5,Feb,350,166,117,55,0.6574,0.636,768,20.93
IllegalImmi,R_RC,7,Feb,350,166,117,55,0.6631,0.582,768,19.93
IllegalImmi,R_RC,3,Feb,350,166,117,55,0.6167,0.5809,768,21.33
IllegalImmi,R_RC,6,Feb,350,166,117,55,0.6232,0.6445,768,21.20
IllegalImmi,C_ER,1,Feb,213,216,72,72,0.7667,0.8056,768,13.51
IllegalImmi,C_ER,2,Feb,213,216,72,72,0.7762,0.7917,768,13.27
IllegalImmi,C_ER,3,Feb,213,216,72,72,0.7807,0.7917,768,13.69
IllegalImmi,C_ER,4,Feb,213,216,72,72,0.7649,0.7708,768,12.50
IllegalImmi,C_ER,6,Feb,213,216,72,72,0.7832,0.7847,768,12.03
IllegalImmi,C_ER,7,Feb,213,216,72,72,0.8016,0.75,768,11.71
IllegalImmi,C_ER,5,Feb,213,216,72,72,0.8016,0.7708,768,12.30
IllegalImmi,C_ER,8,Feb,213,216,72,72,0.8039,0.7778,768,12.30
IllegalImmi,C_ER,9,Feb,213,216,72,72,0.7855,0.7708,768,12.65
IllegalImmi,C_R,0,Feb,214,350,71,117,0.6787,0.6882,768,22.14
IllegalImmi,C_R,1,Feb,214,350,71,117,0.6895,0.693,768,21.49
IllegalImmi,C_R,2,Feb,214,350,71,117,0.6906,0.6998,768,21.23
IllegalImmi,C_RC,0,Feb,213,166,72,55,0.6178,0.5665,768,14.35
IllegalImmi,C_R,3,Feb,214,350,71,117,0.6726,0.6882,768,21.89
IllegalImmi,C_R,5,Feb,214,350,71,117,0.6914,0.6593,768,21.49
IllegalImmi,C_R,4,Feb,214,350,71,117,0.6639,0.6718,768,22.43
IllegalImmi,C_R,7,Feb,214,350,71,117,0.6716,0.6789,768,21.35
IllegalImmi,C_R,6,Feb,214,350,71,117,0.6359,0.7156,768,22.14
IllegalImmi,C_R,9,Feb,214,350,71,117,0.6726,0.7,768,21.53
IllegalImmi,C_R,8,Feb,214,350,71,117,0.6825,0.7186,768,23.51
IllegalImmi,C_RC,2,Feb,213,166,72,55,0.5669,0.6259,768,15.07
IllegalImmi,C_RC,1,Feb,213,166,72,55,0.6035,0.5467,768,15.89
IllegalImmi,C_RC,3,Feb,213,166,72,55,0.5854,0.6221,768,13.69
IllegalImmi,C_RC,4,Feb,213,166,72,55,0.614,0.6056,768,14.16
IllegalImmi,C_LC,0,Feb,214,620,71,208,0.5945,0.6158,768,8.73
IllegalImmi,C_RC,5,Feb,213,166,72,55,0.5778,0.5761,768,13.10
IllegalImmi,C_LC,1,Feb,214,620,71,208,0.5812,0.5979,768,9.24
IllegalImmi,C_RC,7,Feb,213,166,72,55,0.5984,0.597,768,13.91
IllegalImmi,C_RC,8,Feb,213,166,72,55,0.6099,0.567,768,12.89
IllegalImmi,C_RC,6,Feb,213,166,72,55,0.5837,0.6312,768,14.46
IllegalImmi,C_LC,2,Feb,214,620,71,208,0.5969,0.5712,768,9.02
IllegalImmi,C_LC,4,Feb,214,620,71,208,0.5881,0.5744,768,8.49
IllegalImmi,C_LC,3,Feb,214,620,71,208,0.5993,0.6117,768,9.52
IllegalImmi,C_RC,9,Feb,213,166,72,55,0.5882,0.5826,768,14.59
IllegalImmi,C_LC,5,Feb,214,620,71,208,0.615,0.5385,768,8.72
IllegalImmi,C_LC,6,Feb,214,620,71,208,0.5888,0.5877,768,9.79
IllegalImmi,C_LC,7,Feb,214,620,71,208,0.5774,0.5887,768,8.96
IllegalImmi,C_LC,8,Feb,214,620,71,208,0.5878,0.6064,768,8.78
IllegalImmi,C_LC,9,Feb,214,620,71,208,0.5771,0.564,768,8.01
IllegalImmi,C_L,0,Feb,213,148,72,49,0.7036,0.664,768,11.54
IllegalImmi,C_L,1,Feb,213,148,72,49,0.7279,0.7113,768,11.72
IllegalImmi,C_L,2,Feb,213,148,72,49,0.7338,0.664,768,12.38
IllegalImmi,C_L,3,Feb,213,148,72,49,0.7113,0.6872,768,12.20
IllegalImmi,C_L,5,Feb,213,148,72,49,0.7492,0.6293,768,11.88
IllegalImmi,C_L,4,Feb,213,148,72,49,0.7071,0.7901,768,12.91
IllegalImmi,C_L,6,Feb,213,148,72,49,0.705,0.753,768,12.19
IllegalImmi,LC_R,0,Feb,621,350,207,117,0.6968,0.7414,768,8.82
IllegalImmi,C_L,7,Feb,213,148,72,49,0.691,0.7039,768,11.92
IllegalImmi,C_L,8,Feb,213,148,72,49,0.702,0.7243,768,12.95
IllegalImmi,C_L,9,Feb,213,148,72,49,0.6993,0.728,768,12.84
IllegalImmi,LC_R,1,Feb,621,350,207,117,0.7253,0.6719,768,8.78
IllegalImmi,LC_R,2,Feb,621,350,207,117,0.7113,0.7107,768,9.29
IllegalImmi,LC_R,4,Feb,621,350,207,117,0.7094,0.7101,768,8.76
IllegalImmi,LC_R,3,Feb,621,350,207,117,0.7102,0.7417,768,9.64
IllegalImmi,LC_R,5,Feb,621,350,207,117,0.7228,0.6769,768,9.47
IllegalImmi,LC_R,6,Feb,621,350,207,117,0.6823,0.6966,768,9.88
IllegalImmi,LC_R,7,Feb,621,350,207,117,0.7163,0.7259,768,9.32
IllegalImmi,LC_R,8,Feb,621,350,207,117,0.7321,0.6721,768,9.20
IllegalImmi,LC_R,9,Feb,621,350,207,117,0.7045,0.6934,768,9.31
IllegalImmi,LC_RC,0,Feb,620,166,208,55,0.5717,0.6221,768,7.82
IllegalImmi,LC_RC,2,Feb,620,166,208,55,0.5692,0.6386,768,7.76
IllegalImmi,LC_RC,1,Feb,620,166,208,55,0.5788,0.6205,768,7.81
IllegalImmi,LC_RC,3,Feb,620,166,208,55,0.611,0.5635,768,7.40
IllegalImmi,LC_RC,4,Feb,620,166,208,55,0.588,0.57,768,7.70
IllegalImmi,LC_RC,5,Feb,620,166,208,55,0.5748,0.5547,768,7.78
IllegalImmi,LC_RC,6,Feb,620,166,208,55,0.57,0.6576,768,7.76
IllegalImmi,LC_RC,7,Feb,620,166,208,55,0.5978,0.5788,768,8.19
IllegalImmi,LC_RC,8,Feb,620,166,208,55,0.5945,0.5638,768,7.29
IllegalImmi,LC_RC,9,Feb,620,166,208,55,0.5742,0.6293,768,8.34
IllegalImmi,L_R,2,Feb,148,350,49,117,0.7308,0.7111,768,15.28
IllegalImmi,L_R,1,Feb,148,350,49,117,0.7217,0.7589,768,15.78
IllegalImmi,L_R,4,Feb,148,350,49,117,0.7164,0.695,768,15.29
IllegalImmi,L_R,0,Feb,148,350,49,117,0.7359,0.7332,768,16.30
IllegalImmi,L_RC,0,Feb,148,165,49,56,0.719,0.7219,768,9.96
IllegalImmi,L_R,3,Feb,148,350,49,117,0.7051,0.7664,768,17.37
IllegalImmi,L_R,6,Feb,148,350,49,117,0.7245,0.6891,768,14.93
IllegalImmi,L_R,5,Feb,148,350,49,117,0.7476,0.6891,768,16.10
IllegalImmi,L_R,7,Feb,148,350,49,117,0.7041,0.7842,768,15.59
IllegalImmi,L_R,8,Feb,148,350,49,117,0.7243,0.752,768,15.52
IllegalImmi,L_R,9,Feb,148,350,49,117,0.7339,0.696,768,15.72
IllegalImmi,L_RC,2,Feb,148,165,49,56,0.7331,0.7232,768,10.24
IllegalImmi,L_RC,1,Feb,148,165,49,56,0.7138,0.6875,768,10.50
IllegalImmi,L_RC,5,Feb,148,165,49,56,0.7346,0.7079,768,10.39
IllegalImmi,L_RC,3,Feb,148,165,49,56,0.7234,0.727,768,10.80
IllegalImmi,L_RC,4,Feb,148,165,49,56,0.7332,0.7347,768,10.92
IllegalImmi,L_RC,7,Feb,148,165,49,56,0.7335,0.787,768,10.23
IllegalImmi,L_RC,6,Feb,148,165,49,56,0.7297,0.7143,768,10.61
IllegalImmi,L_RC,8,Feb,148,165,49,56,0.7303,0.7653,768,9.87
IllegalImmi,L_RC,9,Feb,148,165,49,56,0.7213,0.6543,768,9.92
IllegalImmi,L_LC,0,Feb,148,620,49,208,0.6896,0.7015,768,22.76
IllegalImmi,L_LC,1,Feb,148,620,49,208,0.6986,0.6853,768,22.60
IllegalImmi,L_LC,2,Feb,148,620,49,208,0.7099,0.6667,768,21.85
IllegalImmi,L_LC,3,Feb,148,620,49,208,0.6695,0.7033,768,22.63
IllegalImmi,L_LC,6,Feb,148,620,49,208,0.6958,0.7099,768,21.91
IllegalImmi,L_LC,4,Feb,148,620,49,208,0.7186,0.6769,768,22.83
IllegalImmi,L_LC,9,Feb,148,620,49,208,0.7342,0.6198,768,21.17
IllegalImmi,L_LC,5,Feb,148,620,49,208,0.6951,0.7105,768,23.07
IllegalImmi,L_LC,7,Feb,148,620,49,208,0.7048,0.7682,768,22.94
IllegalImmi,L_LC,8,Feb,148,620,49,208,0.7063,0.7261,768,23.30
IllegalImmi,ER_R,0,Mar,268,432,89,145,0.6483,0.6564,768,28.47
IllegalImmi,ER_RC,0,Mar,267,180,90,60,0.7556,0.8056,768,14.97
IllegalImmi,ER_R,1,Mar,268,432,89,145,0.6948,0.6283,768,26.34
IllegalImmi,ER_RC,1,Mar,267,180,90,60,0.7882,0.8028,768,12.58
IllegalImmi,ER_R,3,Mar,268,432,89,145,0.6753,0.6486,768,26.86
IllegalImmi,ER_R,2,Mar,268,432,89,145,0.6742,0.6538,768,32.33
IllegalImmi,ER_R,4,Mar,268,432,89,145,0.6393,0.6974,768,27.94
IllegalImmi,ER_R,7,Mar,268,432,89,145,0.6674,0.6348,768,27.59
IllegalImmi,ER_R,8,Mar,268,432,89,145,0.6592,0.7281,768,27.36
IllegalImmi,ER_R,5,Mar,268,432,89,145,0.6494,0.6589,768,29.61
IllegalImmi,ER_R,6,Mar,268,432,89,145,0.6529,0.6883,768,29.61
IllegalImmi,ER_R,9,Mar,268,432,89,145,0.6385,0.7341,768,28.63
IllegalImmi,ER_RC,2,Mar,267,180,90,60,0.7768,0.8222,768,14.23
IllegalImmi,ER_RC,3,Mar,267,180,90,60,0.7863,0.7722,768,13.85
IllegalImmi,ER_RC,4,Mar,267,180,90,60,0.7685,0.7806,768,13.52
IllegalImmi,ER_LC,0,Mar,268,557,89,186,0.8202,0.8041,768,5.46
IllegalImmi,ER_LC,2,Mar,268,557,89,186,0.833,0.8395,768,4.83
IllegalImmi,ER_LC,1,Mar,268,557,89,186,0.8245,0.8234,768,5.36
IllegalImmi,ER_LC,3,Mar,268,557,89,186,0.8148,0.8263,768,5.27
IllegalImmi,ER_RC,5,Mar,267,180,90,60,0.7592,0.7833,768,13.32
IllegalImmi,ER_LC,4,Mar,268,557,89,186,0.8341,0.8363,768,5.18
IllegalImmi,ER_RC,6,Mar,267,180,90,60,0.759,0.7861,768,13.21
IllegalImmi,ER_LC,5,Mar,268,557,89,186,0.8222,0.829,768,5.37
IllegalImmi,ER_RC,7,Mar,267,180,90,60,0.762,0.8139,768,12.78
IllegalImmi,ER_LC,7,Mar,268,557,89,186,0.8304,0.83,768,5.41
IllegalImmi,ER_LC,6,Mar,268,557,89,186,0.835,0.8314,768,5.56
IllegalImmi,ER_LC,8,Mar,268,557,89,186,0.8486,0.8158,768,5.54
IllegalImmi,ER_RC,9,Mar,267,180,90,60,0.7368,0.8556,768,12.86
IllegalImmi,ER_RC,8,Mar,267,180,90,60,0.7896,0.775,768,13.22
IllegalImmi,ER_LC,9,Mar,268,557,89,186,0.8292,0.7938,768,5.18
IllegalImmi,ER_L,0,Mar,267,124,90,41,0.7597,0.777,768,10.53
IllegalImmi,ER_L,1,Mar,267,124,90,41,0.7866,0.7293,768,10.37
IllegalImmi,ER_L,2,Mar,267,124,90,41,0.78,0.7669,768,10.25
IllegalImmi,ER_L,3,Mar,267,124,90,41,0.8,0.7537,768,10.16
IllegalImmi,ER_L,4,Mar,267,124,90,41,0.7847,0.7537,768,10.48
IllegalImmi,ER_L,5,Mar,267,124,90,41,0.7974,0.6627,768,10.41
IllegalImmi,ER_L,6,Mar,267,124,90,41,0.7804,0.7814,768,10.64
IllegalImmi,ER_L,8,Mar,267,124,90,41,0.7951,0.7404,768,10.62
IllegalImmi,ER_L,7,Mar,267,124,90,41,0.7904,0.7804,768,11.03
IllegalImmi,ER_L,9,Mar,267,124,90,41,0.7418,0.8146,768,11.15
IllegalImmi,R_RC,0,Mar,432,180,145,60,0.6837,0.6092,768,19.14
IllegalImmi,C_ER,0,Mar,229,268,77,89,0.8195,0.8148,768,12.04
IllegalImmi,R_RC,3,Mar,432,180,145,60,0.6737,0.6382,768,17.42
IllegalImmi,R_RC,1,Mar,432,180,145,60,0.6595,0.6621,768,18.62
IllegalImmi,R_RC,2,Mar,432,180,145,60,0.6655,0.6951,768,18.74
IllegalImmi,R_RC,4,Mar,432,180,145,60,0.6481,0.7106,768,18.98
IllegalImmi,R_RC,6,Mar,432,180,145,60,0.6699,0.6399,768,18.65
IllegalImmi,R_RC,7,Mar,432,180,145,60,0.6686,0.6793,768,19.07
IllegalImmi,R_RC,9,Mar,432,180,145,60,0.6526,0.6566,768,18.98
IllegalImmi,R_RC,5,Mar,432,180,145,60,0.6387,0.673,768,21.11
IllegalImmi,C_ER,1,Mar,229,268,77,89,0.832,0.8638,768,13.71
IllegalImmi,C_ER,2,Mar,229,268,77,89,0.8091,0.8538,768,13.07
IllegalImmi,R_RC,8,Mar,432,180,145,60,0.6663,0.6592,768,25.92
IllegalImmi,C_ER,3,Mar,229,268,77,89,0.8388,0.808,768,12.40
IllegalImmi,C_ER,4,Mar,229,268,77,89,0.8044,0.8343,768,12.74
IllegalImmi,C_ER,5,Mar,229,268,77,89,0.837,0.8231,768,12.38
IllegalImmi,C_ER,7,Mar,229,268,77,89,0.8064,0.8248,768,12.14
IllegalImmi,C_ER,6,Mar,229,268,77,89,0.8244,0.8434,768,12.71
IllegalImmi,C_ER,8,Mar,229,268,77,89,0.8224,0.8629,768,13.01
IllegalImmi,C_ER,9,Mar,229,268,77,89,0.8269,0.8603,768,12.71
IllegalImmi,C_R,0,Mar,229,433,77,144,0.7244,0.6677,768,20.75
IllegalImmi,C_R,1,Mar,229,433,77,144,0.6929,0.7534,768,21.40
IllegalImmi,C_R,2,Mar,229,433,77,144,0.7417,0.6668,768,18.72
IllegalImmi,C_RC,0,Mar,229,180,77,60,0.653,0.5236,768,13.94
IllegalImmi,C_R,3,Mar,229,433,77,144,0.7168,0.6971,768,21.11
IllegalImmi,C_R,4,Mar,229,433,77,144,0.7031,0.746,768,19.51
IllegalImmi,C_R,8,Mar,229,433,77,144,0.7038,0.7243,768,20.12
IllegalImmi,C_R,6,Mar,229,433,77,144,0.7158,0.7223,768,21.09
IllegalImmi,C_R,5,Mar,229,433,77,144,0.7264,0.7192,768,21.86
IllegalImmi,C_R,9,Mar,229,433,77,144,0.7146,0.7252,768,20.00
IllegalImmi,C_R,7,Mar,229,433,77,144,0.742,0.7569,768,21.92
IllegalImmi,C_RC,1,Mar,229,180,77,60,0.6794,0.5848,768,15.25
IllegalImmi,C_RC,3,Mar,229,180,77,60,0.5886,0.6339,768,14.45
IllegalImmi,C_RC,2,Mar,229,180,77,60,0.5663,0.6478,768,14.94
IllegalImmi,C_LC,0,Mar,229,557,77,186,0.6096,0.5987,768,7.90
IllegalImmi,C_LC,1,Mar,229,557,77,186,0.6126,0.641,768,8.36
IllegalImmi,C_RC,4,Mar,229,180,77,60,0.5928,0.6098,768,14.86
IllegalImmi,C_RC,5,Mar,229,180,77,60,0.5783,0.6005,768,15.07
IllegalImmi,C_RC,6,Mar,229,180,77,60,0.613,0.609,768,16.22
IllegalImmi,C_LC,2,Mar,229,557,77,186,0.5993,0.6213,768,8.51
IllegalImmi,C_RC,9,Mar,229,180,77,60,0.6215,0.5969,768,14.23
IllegalImmi,C_RC,7,Mar,229,180,77,60,0.579,0.5987,768,15.19
IllegalImmi,C_RC,8,Mar,229,180,77,60,0.6331,0.62,768,15.20
IllegalImmi,C_LC,3,Mar,229,557,77,186,0.6027,0.5707,768,8.32
IllegalImmi,C_LC,4,Mar,229,557,77,186,0.6048,0.6056,768,8.42
IllegalImmi,C_LC,5,Mar,229,557,77,186,0.6438,0.5572,768,8.83
IllegalImmi,C_LC,7,Mar,229,557,77,186,0.5859,0.5899,768,8.23
IllegalImmi,C_LC,6,Mar,229,557,77,186,0.5973,0.5852,768,9.14
IllegalImmi,C_LC,8,Mar,229,557,77,186,0.598,0.6029,768,8.03
IllegalImmi,C_LC,9,Mar,229,557,77,186,0.606,0.5978,768,8.38
IllegalImmi,C_L,0,Mar,229,124,77,41,0.7624,0.7051,768,10.17
IllegalImmi,C_L,3,Mar,229,124,77,41,0.7675,0.723,768,10.18
IllegalImmi,C_L,1,Mar,229,124,77,41,0.7435,0.818,768,10.60
IllegalImmi,C_L,2,Mar,229,124,77,41,0.7549,0.7205,768,10.63
IllegalImmi,C_L,4,Mar,229,124,77,41,0.7485,0.7433,768,9.81
IllegalImmi,C_L,5,Mar,229,124,77,41,0.7464,0.7433,768,10.25
IllegalImmi,C_L,6,Mar,229,124,77,41,0.7114,0.7376,768,10.14
IllegalImmi,C_L,7,Mar,229,124,77,41,0.7506,0.7734,768,10.56
IllegalImmi,C_L,9,Mar,229,124,77,41,0.7418,0.7059,768,10.05
IllegalImmi,C_L,8,Mar,229,124,77,41,0.7418,0.7449,768,10.60
IllegalImmi,LC_R,0,Mar,557,433,186,144,0.7183,0.7335,768,9.47
IllegalImmi,LC_R,1,Mar,557,433,186,144,0.7153,0.7509,768,9.28
IllegalImmi,LC_R,2,Mar,557,433,186,144,0.7249,0.7572,768,9.68
IllegalImmi,LC_R,3,Mar,557,433,186,144,0.7262,0.7191,768,9.80
IllegalImmi,LC_R,4,Mar,557,433,186,144,0.7313,0.7609,768,9.71
IllegalImmi,LC_R,5,Mar,557,433,186,144,0.7235,0.7466,768,9.68
IllegalImmi,LC_R,6,Mar,557,433,186,144,0.7343,0.7322,768,9.40
IllegalImmi,LC_R,7,Mar,557,433,186,144,0.7322,0.7474,768,10.48
IllegalImmi,LC_R,9,Mar,557,433,186,144,0.7169,0.7335,768,9.40
IllegalImmi,LC_R,8,Mar,557,433,186,144,0.7438,0.7324,768,10.42
IllegalImmi,LC_RC,0,Mar,557,180,186,60,0.6095,0.6341,768,23.26
IllegalImmi,L_R,0,Mar,124,432,41,145,0.7224,0.6386,768,15.77
IllegalImmi,LC_RC,2,Mar,557,180,186,60,0.634,0.607,768,22.87
IllegalImmi,LC_RC,4,Mar,557,180,186,60,0.6214,0.596,768,24.17
IllegalImmi,LC_RC,5,Mar,557,180,186,60,0.6425,0.621,768,24.08
IllegalImmi,LC_RC,6,Mar,557,180,186,60,0.6117,0.6083,768,23.21
IllegalImmi,LC_RC,7,Mar,557,180,186,60,0.6278,0.6374,768,22.71
IllegalImmi,LC_RC,1,Mar,557,180,186,60,0.6052,0.6452,768,30.04
IllegalImmi,LC_RC,9,Mar,557,180,186,60,0.6153,0.6099,768,23.78
IllegalImmi,LC_RC,8,Mar,557,180,186,60,0.6288,0.5906,768,24.47
IllegalImmi,LC_RC,3,Mar,557,180,186,60,0.6155,0.5247,768,29.19
IllegalImmi,L_R,1,Mar,124,432,41,145,0.7202,0.7123,768,12.62
IllegalImmi,L_R,2,Mar,124,432,41,145,0.7056,0.7067,768,12.12
IllegalImmi,L_R,3,Mar,124,432,41,145,0.7123,0.7555,768,13.93
IllegalImmi,L_R,5,Mar,124,432,41,145,0.7042,0.7696,768,13.51
IllegalImmi,L_RC,0,Mar,123,180,42,60,0.7207,0.8333,768,10.15
IllegalImmi,L_R,8,Mar,124,432,41,145,0.7123,0.6961,768,12.00
IllegalImmi,L_R,7,Mar,124,432,41,145,0.7406,0.6805,768,13.61
IllegalImmi,L_R,4,Mar,124,432,41,145,0.7426,0.6619,768,14.31
IllegalImmi,L_R,6,Mar,124,432,41,145,0.7094,0.7661,768,15.06
IllegalImmi,L_RC,2,Mar,123,180,42,60,0.7478,0.7381,768,9.53
IllegalImmi,L_RC,1,Mar,123,180,42,60,0.7184,0.7262,768,11.77
IllegalImmi,L_R,9,Mar,124,432,41,145,0.7068,0.7309,768,13.59
IllegalImmi,L_RC,3,Mar,123,180,42,60,0.7431,0.744,768,9.49
IllegalImmi,L_RC,4,Mar,123,180,42,60,0.7229,0.7524,768,8.62
IllegalImmi,L_RC,8,Mar,123,180,42,60,0.7768,0.7036,768,8.78
IllegalImmi,L_RC,5,Mar,123,180,42,60,0.7274,0.7845,768,9.51
IllegalImmi,L_RC,6,Mar,123,180,42,60,0.7386,0.7357,768,9.68
IllegalImmi,L_RC,7,Mar,123,180,42,60,0.7507,0.7798,768,9.61
IllegalImmi,L_RC,9,Mar,123,180,42,60,0.7346,0.7643,768,10.14
IllegalImmi,L_LC,0,Mar,124,557,41,186,0.7016,0.7625,768,17.12
IllegalImmi,ER_R,0,Apr,269,531,90,177,0.643,0.6225,768,8.55
IllegalImmi,L_LC,2,Mar,124,557,41,186,0.6815,0.7054,768,17.56
IllegalImmi,L_LC,1,Mar,124,557,41,186,0.7261,0.692,768,18.57
IllegalImmi,L_LC,4,Mar,124,557,41,186,0.703,0.7664,768,16.94
IllegalImmi,L_LC,5,Mar,124,557,41,186,0.6998,0.7528,768,16.50
IllegalImmi,L_LC,3,Mar,124,557,41,186,0.7154,0.7083,768,19.25
IllegalImmi,L_LC,6,Mar,124,557,41,186,0.7185,0.7339,768,17.68
IllegalImmi,L_LC,7,Mar,124,557,41,186,0.7225,0.7327,768,17.86
IllegalImmi,L_LC,8,Mar,124,557,41,186,0.6949,0.6945,768,17.73
IllegalImmi,ER_R,1,Apr,269,531,90,177,0.6329,0.6337,768,8.76
IllegalImmi,L_LC,9,Mar,124,557,41,186,0.6883,0.7583,768,18.62
IllegalImmi,ER_R,3,Apr,269,531,90,177,0.6346,0.6283,768,8.16
IllegalImmi,ER_R,2,Apr,269,531,90,177,0.6424,0.6088,768,9.33
IllegalImmi,ER_R,5,Apr,269,531,90,177,0.6736,0.6525,768,8.17
IllegalImmi,ER_R,4,Apr,269,531,90,177,0.6093,0.625,768,8.65
IllegalImmi,ER_R,6,Apr,269,531,90,177,0.6542,0.5803,768,7.69
IllegalImmi,ER_R,7,Apr,269,531,90,177,0.6432,0.5944,768,8.20
IllegalImmi,ER_R,8,Apr,269,531,90,177,0.6107,0.6452,768,7.78
IllegalImmi,ER_R,9,Apr,269,531,90,177,0.6413,0.6228,768,7.94
IllegalImmi,ER_RC,0,Apr,269,200,90,67,0.7816,0.7452,768,13.11
IllegalImmi,ER_RC,1,Apr,269,200,90,67,0.7794,0.7527,768,13.87
IllegalImmi,ER_LC,0,Apr,269,720,90,240,0.8314,0.8319,768,6.90
IllegalImmi,ER_RC,3,Apr,269,200,90,67,0.7675,0.6745,768,14.00
IllegalImmi,ER_RC,4,Apr,269,200,90,67,0.7578,0.7842,768,14.57
IllegalImmi,ER_RC,5,Apr,269,200,90,67,0.7643,0.7806,768,14.11
IllegalImmi,ER_RC,2,Apr,269,200,90,67,0.7607,0.7766,768,14.68
IllegalImmi,ER_RC,7,Apr,269,200,90,67,0.7808,0.7469,768,13.55
IllegalImmi,ER_RC,6,Apr,269,200,90,67,0.7385,0.7212,768,15.44
IllegalImmi,ER_LC,1,Apr,269,720,90,240,0.8325,0.8153,768,7.08
IllegalImmi,ER_RC,8,Apr,269,200,90,67,0.7483,0.7955,768,17.14
IllegalImmi,ER_LC,2,Apr,269,720,90,240,0.8459,0.8174,768,7.20
IllegalImmi,ER_LC,3,Apr,269,720,90,240,0.8367,0.8194,768,6.77
IllegalImmi,ER_LC,4,Apr,269,720,90,240,0.8221,0.8347,768,6.77
IllegalImmi,ER_LC,7,Apr,269,720,90,240,0.7937,0.85,768,6.79
IllegalImmi,ER_RC,9,Apr,269,200,90,67,0.7578,0.7488,768,15.40
IllegalImmi,ER_LC,6,Apr,269,720,90,240,0.8222,0.7917,768,7.06
IllegalImmi,ER_LC,5,Apr,269,720,90,240,0.834,0.8542,768,7.37
IllegalImmi,ER_LC,8,Apr,269,720,90,240,0.8228,0.825,768,6.86
IllegalImmi,ER_LC,9,Apr,269,720,90,240,0.8386,0.8028,768,6.70
IllegalImmi,ER_L,0,Apr,269,262,90,87,0.7855,0.7347,768,14.96
IllegalImmi,ER_L,2,Apr,269,262,90,87,0.7948,0.7354,768,16.28
IllegalImmi,ER_L,7,Apr,269,262,90,87,0.7763,0.7755,768,15.02
IllegalImmi,ER_L,1,Apr,269,262,90,87,0.7762,0.8144,768,17.30
IllegalImmi,ER_L,8,Apr,269,262,90,87,0.7837,0.7621,768,14.87
IllegalImmi,ER_L,6,Apr,269,262,90,87,0.7665,0.7747,768,15.90
IllegalImmi,ER_L,5,Apr,269,262,90,87,0.7839,0.7904,768,15.94
IllegalImmi,ER_L,3,Apr,269,262,90,87,0.8005,0.7234,768,17.13
IllegalImmi,ER_L,4,Apr,269,262,90,87,0.7914,0.8079,768,17.14
IllegalImmi,ER_L,9,Apr,269,262,90,87,0.7817,0.7751,768,17.03
IllegalImmi,R_RC,0,Apr,531,200,177,67,0.6656,0.7172,768,24.66
IllegalImmi,C_ER,0,Apr,341,269,114,90,0.7843,0.8401,768,17.32
IllegalImmi,R_RC,1,Apr,531,200,177,67,0.6658,0.576,768,24.69
IllegalImmi,R_RC,4,Apr,531,200,177,67,0.631,0.7378,768,23.09
IllegalImmi,R_RC,5,Apr,531,200,177,67,0.6507,0.6889,768,23.89
IllegalImmi,R_RC,6,Apr,531,200,177,67,0.6513,0.6498,768,23.61
IllegalImmi,R_RC,7,Apr,531,200,177,67,0.6375,0.7041,768,23.83
IllegalImmi,R_RC,9,Apr,531,200,177,67,0.6839,0.6621,768,24.19
IllegalImmi,R_RC,8,Apr,531,200,177,67,0.6605,0.6573,768,24.67
IllegalImmi,R_RC,3,Apr,531,200,177,67,0.6604,0.6502,768,25.55
IllegalImmi,R_RC,2,Apr,531,200,177,67,0.641,0.7249,768,27.07
IllegalImmi,C_ER,1,Apr,341,269,114,90,0.8253,0.8167,768,17.47
IllegalImmi,C_R,0,Apr,341,531,114,177,0.7115,0.7068,768,8.93
IllegalImmi,C_R,1,Apr,341,531,114,177,0.6999,0.7125,768,8.95
IllegalImmi,C_ER,2,Apr,341,269,114,90,0.8073,0.748,768,16.67
IllegalImmi,C_R,2,Apr,341,531,114,177,0.7073,0.7222,768,8.82
IllegalImmi,C_ER,4,Apr,341,269,114,90,0.805,0.7883,768,15.76
IllegalImmi,C_ER,3,Apr,341,269,114,90,0.8104,0.8345,768,17.50
IllegalImmi,C_ER,6,Apr,341,269,114,90,0.7961,0.7991,768,16.22
IllegalImmi,C_ER,5,Apr,341,269,114,90,0.7788,0.8225,768,17.50
IllegalImmi,C_ER,9,Apr,341,269,114,90,0.8173,0.7474,768,16.22
IllegalImmi,C_ER,7,Apr,341,269,114,90,0.8,0.8278,768,17.36
IllegalImmi,C_ER,8,Apr,341,269,114,90,0.8057,0.8377,768,17.84
IllegalImmi,C_R,3,Apr,341,531,114,177,0.6969,0.7291,768,8.73
IllegalImmi,C_R,4,Apr,341,531,114,177,0.6988,0.693,768,8.64
IllegalImmi,C_R,5,Apr,341,531,114,177,0.6887,0.7015,768,8.75
IllegalImmi,C_R,6,Apr,341,531,114,177,0.6947,0.7297,768,9.11
IllegalImmi,C_R,7,Apr,341,531,114,177,0.6933,0.7174,768,8.94
IllegalImmi,C_R,8,Apr,341,531,114,177,0.7113,0.7334,768,8.60
IllegalImmi,C_R,9,Apr,341,531,114,177,0.7097,0.7052,768,8.69
IllegalImmi,C_RC,0,Apr,341,200,114,67,0.6545,0.6432,768,18.06
IllegalImmi,C_RC,3,Apr,341,200,114,67,0.691,0.6643,768,16.66
IllegalImmi,C_RC,2,Apr,341,200,114,67,0.6606,0.7047,768,18.92
IllegalImmi,C_RC,1,Apr,341,200,114,67,0.6577,0.7082,768,19.71
IllegalImmi,C_RC,6,Apr,341,200,114,67,0.6601,0.6766,768,16.65
IllegalImmi,C_RC,4,Apr,341,200,114,67,0.6615,0.6555,768,18.94
IllegalImmi,C_LC,0,Apr,341,720,114,240,0.6198,0.6221,768,12.88
IllegalImmi,C_RC,5,Apr,341,200,114,67,0.6677,0.6906,768,18.96
IllegalImmi,C_RC,7,Apr,341,200,114,67,0.6399,0.6753,768,19.95
IllegalImmi,C_RC,9,Apr,341,200,114,67,0.67,0.6077,768,18.27
IllegalImmi,C_RC,8,Apr,341,200,114,67,0.6649,0.67,768,18.67
IllegalImmi,C_LC,2,Apr,341,720,114,240,0.6387,0.5865,768,13.07
IllegalImmi,C_LC,4,Apr,341,720,114,240,0.6191,0.6207,768,12.53
IllegalImmi,C_LC,1,Apr,341,720,114,240,0.6172,0.6772,768,14.39
IllegalImmi,C_LC,5,Apr,341,720,114,240,0.6142,0.6367,768,12.79
IllegalImmi,C_LC,3,Apr,341,720,114,240,0.6057,0.6451,768,14.02
IllegalImmi,C_LC,7,Apr,341,720,114,240,0.6292,0.6005,768,14.28
IllegalImmi,C_LC,6,Apr,341,720,114,240,0.6239,0.6416,768,14.35
IllegalImmi,C_LC,8,Apr,341,720,114,240,0.6082,0.6495,768,13.73
IllegalImmi,C_LC,9,Apr,341,720,114,240,0.6221,0.6296,768,14.20
IllegalImmi,C_L,0,Apr,341,262,114,87,0.725,0.672,768,21.16
IllegalImmi,C_L,1,Apr,341,262,114,87,0.7381,0.7007,768,21.32
IllegalImmi,LC_R,0,Apr,720,531,240,177,0.7432,0.7147,768,12.34
IllegalImmi,C_L,2,Apr,341,262,114,87,0.7329,0.6998,768,21.41
IllegalImmi,C_L,4,Apr,341,262,114,87,0.7606,0.662,768,20.94
IllegalImmi,C_L,6,Apr,341,262,114,87,0.7467,0.7335,768,20.30
IllegalImmi,C_L,5,Apr,341,262,114,87,0.728,0.753,768,21.65
IllegalImmi,C_L,7,Apr,341,262,114,87,0.7342,0.7436,768,20.02
IllegalImmi,C_L,9,Apr,341,262,114,87,0.7468,0.699,768,20.42
IllegalImmi,C_L,8,Apr,341,262,114,87,0.721,0.7322,768,21.35
IllegalImmi,C_L,3,Apr,341,262,114,87,0.7517,0.7061,768,25.36
IllegalImmi,LC_R,2,Apr,720,531,240,177,0.7418,0.7076,768,12.45
IllegalImmi,LC_R,1,Apr,720,531,240,177,0.7358,0.7027,768,13.55
IllegalImmi,LC_RC,0,Apr,720,200,240,67,0.6535,0.6437,768,9.10
IllegalImmi,LC_R,4,Apr,720,531,240,177,0.7264,0.7434,768,12.85
IllegalImmi,LC_R,3,Apr,720,531,240,177,0.7189,0.7446,768,14.60
IllegalImmi,LC_R,5,Apr,720,531,240,177,0.7284,0.7465,768,13.10
IllegalImmi,LC_R,6,Apr,720,531,240,177,0.7332,0.7188,768,13.75
IllegalImmi,LC_RC,2,Apr,720,200,240,67,0.65,0.6207,768,8.96
IllegalImmi,LC_RC,1,Apr,720,200,240,67,0.6231,0.6511,768,10.10
IllegalImmi,LC_R,8,Apr,720,531,240,177,0.7412,0.7112,768,13.01
IllegalImmi,LC_R,7,Apr,720,531,240,177,0.7382,0.7266,768,13.57
IllegalImmi,LC_R,9,Apr,720,531,240,177,0.7336,0.7588,768,12.38
IllegalImmi,LC_RC,3,Apr,720,200,240,67,0.6465,0.6768,768,9.67
IllegalImmi,LC_RC,5,Apr,720,200,240,67,0.6578,0.6234,768,9.13
IllegalImmi,L_R,1,Apr,262,530,87,178,0.7114,0.7304,768,7.00
IllegalImmi,L_R,0,Apr,262,530,87,178,0.718,0.7611,768,7.30
IllegalImmi,LC_RC,6,Apr,720,200,240,67,0.6456,0.5961,768,9.49
IllegalImmi,L_R,3,Apr,262,530,87,178,0.7353,0.6814,768,6.92
IllegalImmi,LC_RC,4,Apr,720,200,240,67,0.6593,0.6192,768,9.73
IllegalImmi,L_R,2,Apr,262,530,87,178,0.7247,0.7122,768,7.59
IllegalImmi,L_R,4,Apr,262,530,87,178,0.7038,0.7555,768,7.06
IllegalImmi,LC_RC,7,Apr,720,200,240,67,0.6385,0.6926,768,9.87
IllegalImmi,LC_RC,9,Apr,720,200,240,67,0.6579,0.6504,768,8.99
IllegalImmi,LC_RC,8,Apr,720,200,240,67,0.6175,0.6843,768,9.70
IllegalImmi,L_R,6,Apr,262,530,87,178,0.7387,0.6349,768,7.07
IllegalImmi,L_R,5,Apr,262,530,87,178,0.7286,0.6926,768,7.23
IllegalImmi,L_R,9,Apr,262,530,87,178,0.6913,0.8185,768,6.92
IllegalImmi,L_R,7,Apr,262,530,87,178,0.7089,0.744,768,7.21
IllegalImmi,L_R,8,Apr,262,530,87,178,0.7171,0.7214,768,7.18
IllegalImmi,L_RC,0,Apr,262,200,87,67,0.7091,0.7559,768,15.83
IllegalImmi,L_RC,3,Apr,262,200,87,67,0.7525,0.6956,768,14.86
IllegalImmi,L_RC,1,Apr,262,200,87,67,0.7274,0.7341,768,15.62
IllegalImmi,L_LC,0,Apr,262,719,87,241,0.7065,0.725,768,9.03
IllegalImmi,L_RC,2,Apr,262,200,87,67,0.7331,0.7548,768,15.23
IllegalImmi,L_RC,4,Apr,262,200,87,67,0.7128,0.7501,768,15.85
IllegalImmi,L_RC,5,Apr,262,200,87,67,0.7224,0.7909,768,15.81
IllegalImmi,L_RC,6,Apr,262,200,87,67,0.7529,0.714,768,15.22
IllegalImmi,L_RC,7,Apr,262,200,87,67,0.7422,0.7318,768,15.46
IllegalImmi,L_RC,8,Apr,262,200,87,67,0.7121,0.7846,768,15.77
IllegalImmi,L_RC,9,Apr,262,200,87,67,0.7257,0.7892,768,16.16
IllegalImmi,L_LC,1,Apr,262,719,87,241,0.7098,0.6856,768,9.79
IllegalImmi,L_LC,5,Apr,262,719,87,241,0.6746,0.7593,768,9.46
IllegalImmi,L_LC,4,Apr,262,719,87,241,0.7039,0.6926,768,9.69
IllegalImmi,L_LC,3,Apr,262,719,87,241,0.6926,0.6681,768,9.75
IllegalImmi,L_LC,2,Apr,262,719,87,241,0.6739,0.7564,768,10.27
IllegalImmi,L_LC,6,Apr,262,719,87,241,0.6979,0.7068,768,9.65
IllegalImmi,L_LC,7,Apr,262,719,87,241,0.6883,0.7505,768,10.51
IllegalImmi,L_LC,8,Apr,262,719,87,241,0.7111,0.6868,768,9.52
IllegalImmi,L_LC,9,Apr,262,719,87,241,0.6838,0.7516,768,9.85
IllegalImmi,ER_RC,0,May,213,156,71,52,0.7553,0.7072,768,10.70
IllegalImmi,ER_R,0,May,213,378,71,126,0.6501,0.6335,768,21.55
IllegalImmi,ER_R,3,May,213,378,71,126,0.6426,0.623,768,19.61
IllegalImmi,ER_R,5,May,213,378,71,126,0.6497,0.5767,768,20.36
IllegalImmi,ER_R,2,May,213,378,71,126,0.5957,0.6481,768,22.07
IllegalImmi,ER_R,1,May,213,378,71,126,0.6433,0.63,768,24.96
IllegalImmi,ER_R,8,May,213,378,71,126,0.6359,0.6322,768,20.27
IllegalImmi,ER_R,6,May,213,378,71,126,0.6215,0.6486,768,23.21
IllegalImmi,ER_R,7,May,213,378,71,126,0.6739,0.6155,768,23.35
IllegalImmi,ER_R,9,May,213,378,71,126,0.6387,0.663,768,20.09
IllegalImmi,ER_R,4,May,213,378,71,126,0.6264,0.6212,768,28.21
IllegalImmi,ER_RC,1,May,213,156,71,52,0.7389,0.8578,768,11.47
IllegalImmi,ER_RC,2,May,213,156,71,52,0.7486,0.7379,768,10.59
IllegalImmi,ER_RC,3,May,213,156,71,52,0.7619,0.7956,768,11.05
IllegalImmi,ER_RC,4,May,213,156,71,52,0.7245,0.7668,768,10.59
IllegalImmi,ER_RC,5,May,213,156,71,52,0.7647,0.7424,768,11.28
IllegalImmi,ER_RC,6,May,213,156,71,52,0.7794,0.6809,768,10.84
IllegalImmi,ER_RC,7,May,213,156,71,52,0.7423,0.7482,768,10.91
IllegalImmi,ER_RC,8,May,213,156,71,52,0.7332,0.7661,768,12.08
IllegalImmi,ER_RC,9,May,213,156,71,52,0.7594,0.8001,768,11.66
IllegalImmi,ER_LC,0,May,213,504,71,169,0.8141,0.7693,768,18.32
IllegalImmi,ER_L,0,May,213,120,71,41,0.7306,0.7288,768,10.21
IllegalImmi,ER_LC,3,May,213,504,71,169,0.7862,0.8104,768,18.67
IllegalImmi,ER_LC,2,May,213,504,71,169,0.8157,0.8008,768,20.47
IllegalImmi,ER_LC,1,May,213,504,71,169,0.7776,0.8234,768,21.83
IllegalImmi,ER_LC,5,May,213,504,71,169,0.8057,0.8056,768,19.37
IllegalImmi,ER_LC,7,May,213,504,71,169,0.776,0.7734,768,19.21
IllegalImmi,ER_LC,4,May,213,504,71,169,0.7794,0.8015,768,22.38
IllegalImmi,ER_LC,6,May,213,504,71,169,0.7842,0.7681,768,21.00
IllegalImmi,ER_LC,8,May,213,504,71,169,0.7923,0.7849,768,20.80
IllegalImmi,ER_L,1,May,213,120,71,41,0.7081,0.8109,768,10.29
IllegalImmi,ER_L,2,May,213,120,71,41,0.7536,0.6819,768,9.52
IllegalImmi,ER_LC,9,May,213,504,71,169,0.7872,0.8593,768,21.82
IllegalImmi,ER_L,3,May,213,120,71,41,0.7561,0.7095,768,10.15
IllegalImmi,ER_L,4,May,213,120,71,41,0.7408,0.718,768,10.47
IllegalImmi,ER_L,6,May,213,120,71,41,0.7339,0.7781,768,9.79
IllegalImmi,ER_L,5,May,213,120,71,41,0.7322,0.7345,768,10.20
IllegalImmi,ER_L,7,May,213,120,71,41,0.7356,0.7795,768,10.05
IllegalImmi,ER_L,8,May,213,120,71,41,0.729,0.7372,768,10.91
IllegalImmi,ER_L,9,May,213,120,71,41,0.7493,0.7321,768,10.40
IllegalImmi,R_RC,1,May,378,156,126,52,0.705,0.6598,768,14.33
IllegalImmi,R_RC,0,May,378,156,126,52,0.7062,0.6983,768,14.91
IllegalImmi,R_RC,2,May,378,156,126,52,0.6885,0.6999,768,13.79
IllegalImmi,R_RC,3,May,378,156,126,52,0.6822,0.6847,768,13.79
IllegalImmi,R_RC,4,May,378,156,126,52,0.7142,0.6807,768,14.14
IllegalImmi,R_RC,5,May,378,156,126,52,0.6769,0.7321,768,14.42
IllegalImmi,R_RC,6,May,378,156,126,52,0.68,0.6926,768,13.97
IllegalImmi,R_RC,7,May,378,156,126,52,0.6945,0.6587,768,13.92
IllegalImmi,R_RC,8,May,378,156,126,52,0.6631,0.743,768,13.88
IllegalImmi,C_ER,0,May,223,213,75,71,0.7574,0.7947,768,14.14
IllegalImmi,R_RC,9,May,378,156,126,52,0.6847,0.7135,768,15.67
IllegalImmi,C_ER,2,May,223,213,75,71,0.7571,0.7673,768,13.25
IllegalImmi,C_ER,1,May,223,213,75,71,0.7612,0.8081,768,14.06
IllegalImmi,C_ER,3,May,223,213,75,71,0.7691,0.7932,768,13.57
IllegalImmi,C_ER,4,May,223,213,75,71,0.7847,0.7195,768,14.20
IllegalImmi,C_ER,5,May,223,213,75,71,0.7414,0.8214,768,13.72
IllegalImmi,C_ER,7,May,223,213,75,71,0.784,0.7403,768,12.46
IllegalImmi,C_ER,6,May,223,213,75,71,0.7619,0.7603,768,13.57
IllegalImmi,C_ER,8,May,223,213,75,71,0.7608,0.7451,768,14.11
IllegalImmi,C_ER,9,May,223,213,75,71,0.7843,0.7799,768,13.65
IllegalImmi,C_R,0,May,223,378,75,126,0.7012,0.6973,768,22.38
IllegalImmi,C_R,1,May,223,378,75,126,0.6994,0.7424,768,23.28
IllegalImmi,C_R,2,May,223,378,75,126,0.7106,0.6905,768,20.71
IllegalImmi,C_RC,0,May,223,156,75,52,0.616,0.7121,768,13.04
IllegalImmi,C_R,3,May,223,378,75,126,0.6846,0.7357,768,21.56
IllegalImmi,C_R,4,May,223,378,75,126,0.7138,0.6014,768,21.37
IllegalImmi,C_R,6,May,223,378,75,126,0.6952,0.7341,768,19.94
IllegalImmi,C_R,7,May,223,378,75,126,0.7064,0.6452,768,19.73
IllegalImmi,C_R,5,May,223,378,75,126,0.7096,0.7117,768,21.96
IllegalImmi,C_R,9,May,223,378,75,126,0.6964,0.7367,768,20.52
IllegalImmi,C_R,8,May,223,378,75,126,0.6877,0.7078,768,21.47
IllegalImmi,C_RC,1,May,223,156,75,52,0.6169,0.7003,768,12.06
IllegalImmi,C_RC,3,May,223,156,75,52,0.6533,0.6388,768,12.14
IllegalImmi,C_RC,4,May,223,156,75,52,0.6575,0.5345,768,12.28
IllegalImmi,C_RC,2,May,223,156,75,52,0.6661,0.6514,768,13.12
IllegalImmi,C_RC,5,May,223,156,75,52,0.6603,0.6233,768,12.52
IllegalImmi,C_RC,6,May,223,156,75,52,0.632,0.7054,768,12.56
IllegalImmi,C_RC,7,May,223,156,75,52,0.6586,0.6514,768,12.76
IllegalImmi,C_RC,8,May,223,156,75,52,0.657,0.6855,768,13.04
IllegalImmi,C_RC,9,May,223,156,75,52,0.6081,0.684,768,12.20
IllegalImmi,C_L,0,May,223,121,75,40,0.7344,0.7242,768,9.89
IllegalImmi,C_LC,1,May,223,505,75,168,0.6272,0.6371,768,26.56
IllegalImmi,C_LC,0,May,223,505,75,168,0.6025,0.6229,768,27.50
IllegalImmi,C_L,1,May,223,121,75,40,0.7339,0.6617,768,9.80
IllegalImmi,C_LC,3,May,223,505,75,168,0.6107,0.6362,768,26.89
IllegalImmi,C_LC,4,May,223,505,75,168,0.62,0.592,768,26.93
IllegalImmi,C_LC,2,May,223,505,75,168,0.6196,0.6326,768,29.63
IllegalImmi,C_LC,7,May,223,505,75,168,0.629,0.5837,768,27.41
IllegalImmi,C_L,2,May,223,121,75,40,0.766,0.7458,768,9.13
IllegalImmi,C_LC,9,May,223,505,75,168,0.625,0.623,768,25.94
IllegalImmi,C_L,3,May,223,121,75,40,0.7512,0.6525,768,9.10
IllegalImmi,C_LC,6,May,223,505,75,168,0.6234,0.6445,768,31.20
IllegalImmi,C_L,4,May,223,121,75,40,0.7157,0.7175,768,9.63
IllegalImmi,C_LC,5,May,223,505,75,168,0.6042,0.6112,768,35.48
IllegalImmi,C_L,7,May,223,121,75,40,0.759,0.6858,768,9.35
IllegalImmi,C_L,5,May,223,121,75,40,0.7164,0.7892,768,10.10
IllegalImmi,C_L,6,May,223,121,75,40,0.7124,0.7442,768,10.44
IllegalImmi,C_L,9,May,223,121,75,40,0.7261,0.7225,768,8.66
IllegalImmi,C_LC,8,May,223,505,75,168,0.5904,0.6475,768,35.31
IllegalImmi,LC_R,1,May,504,378,169,126,0.7127,0.7221,768,8.45
IllegalImmi,LC_R,0,May,504,378,169,126,0.7159,0.714,768,8.75
IllegalImmi,C_L,8,May,223,121,75,40,0.7398,0.7083,768,9.92
IllegalImmi,LC_R,2,May,504,378,169,126,0.7245,0.7112,768,9.09
IllegalImmi,LC_R,3,May,504,378,169,126,0.7137,0.7279,768,9.21
IllegalImmi,LC_R,4,May,504,378,169,126,0.7325,0.6854,768,9.43
IllegalImmi,LC_R,6,May,504,378,169,126,0.7191,0.6618,768,8.58
IllegalImmi,LC_R,7,May,504,378,169,126,0.7129,0.7002,768,8.63
IllegalImmi,LC_R,5,May,504,378,169,126,0.694,0.7083,768,9.39
IllegalImmi,LC_R,8,May,504,378,169,126,0.7049,0.7448,768,8.72
IllegalImmi,LC_R,9,May,504,378,169,126,0.7187,0.7271,768,8.74
IllegalImmi,LC_RC,2,May,504,156,169,52,0.6029,0.4926,768,19.61
IllegalImmi,LC_RC,1,May,504,156,169,52,0.6021,0.5754,768,20.76
IllegalImmi,L_R,0,May,121,377,40,127,0.6401,0.6694,768,15.22
IllegalImmi,LC_RC,0,May,504,156,169,52,0.5975,0.5984,768,24.14
IllegalImmi,LC_RC,3,May,504,156,169,52,0.5914,0.6065,768,21.74
IllegalImmi,LC_RC,4,May,504,156,169,52,0.5799,0.551,768,22.30
IllegalImmi,LC_RC,6,May,504,156,169,52,0.6008,0.5658,768,20.17
IllegalImmi,LC_RC,5,May,504,156,169,52,0.5801,0.6036,768,21.47
IllegalImmi,LC_RC,8,May,504,156,169,52,0.6008,0.4948,768,21.17
IllegalImmi,LC_RC,9,May,504,156,169,52,0.5748,0.6087,768,20.96
IllegalImmi,LC_RC,7,May,504,156,169,52,0.5906,0.5851,768,21.75
IllegalImmi,L_R,1,May,121,377,40,127,0.6619,0.6504,768,15.19
IllegalImmi,L_R,2,May,121,377,40,127,0.6366,0.6226,768,15.26
IllegalImmi,L_RC,0,May,120,156,41,52,0.7828,0.7113,768,8.25
IllegalImmi,L_RC,1,May,120,156,41,52,0.7069,0.8229,768,8.81
IllegalImmi,L_R,3,May,121,377,40,127,0.6783,0.6358,768,14.60
IllegalImmi,L_R,4,May,121,377,40,127,0.6553,0.6747,768,15.54
IllegalImmi,L_R,5,May,121,377,40,127,0.6714,0.6247,768,15.36
IllegalImmi,L_R,6,May,121,377,40,127,0.6966,0.6305,768,13.80
IllegalImmi,L_R,7,May,121,377,40,127,0.6486,0.6844,768,15.03
IllegalImmi,L_RC,2,May,120,156,41,52,0.76,0.6902,768,8.27
IllegalImmi,L_R,9,May,121,377,40,127,0.6435,0.6891,768,15.07
IllegalImmi,L_R,8,May,121,377,40,127,0.6216,0.7168,768,15.75
IllegalImmi,L_RC,3,May,120,156,41,52,0.7833,0.719,768,8.59
IllegalImmi,L_RC,5,May,120,156,41,52,0.7605,0.6921,768,7.53
IllegalImmi,L_RC,4,May,120,156,41,52,0.7428,0.7871,768,8.79
IllegalImmi,L_RC,6,May,120,156,41,52,0.7606,0.7165,768,8.25
IllegalImmi,L_RC,7,May,120,156,41,52,0.7388,0.7915,768,8.79
IllegalImmi,L_RC,9,May,120,156,41,52,0.7861,0.7845,768,8.41
IllegalImmi,L_RC,8,May,120,156,41,52,0.6949,0.8204,768,9.26
IllegalImmi,L_LC,1,May,121,504,40,169,0.6932,0.6807,768,14.95
IllegalImmi,L_LC,0,May,121,504,40,169,0.6775,0.6698,768,16.86
IllegalImmi,L_LC,3,May,121,504,40,169,0.6803,0.6774,768,14.86
IllegalImmi,L_LC,2,May,121,504,40,169,0.6916,0.6478,768,15.50
IllegalImmi,L_LC,5,May,121,504,40,169,0.6927,0.6698,768,15.16
IllegalImmi,L_LC,7,May,121,504,40,169,0.6652,0.7751,768,15.33
IllegalImmi,L_LC,4,May,121,504,40,169,0.6618,0.7603,768,17.33
IllegalImmi,L_LC,6,May,121,504,40,169,0.7103,0.6294,768,16.26
IllegalImmi,L_LC,9,May,121,504,40,169,0.7049,0.6616,768,15.22
IllegalImmi,L_LC,8,May,121,504,40,169,0.6923,0.7089,768,15.77
IllegalImmi,ER_R,0,Jun,204,414,68,139,0.6503,0.6828,768,23.83
IllegalImmi,ER_RC,0,Jun,204,132,68,45,0.7506,0.7451,768,11.21
IllegalImmi,ER_R,4,Jun,204,414,68,139,0.6672,0.6581,768,22.57
IllegalImmi,ER_R,1,Jun,204,414,68,139,0.6737,0.6462,768,24.58
IllegalImmi,ER_R,3,Jun,204,414,68,139,0.6735,0.6571,768,24.18
IllegalImmi,ER_R,5,Jun,204,414,68,139,0.6316,0.6463,768,22.83
IllegalImmi,ER_R,2,Jun,204,414,68,139,0.6588,0.6723,768,25.16
IllegalImmi,ER_RC,1,Jun,204,132,68,45,0.7379,0.7786,768,10.97
IllegalImmi,ER_R,6,Jun,204,414,68,139,0.6321,0.6506,768,23.47
IllegalImmi,ER_R,8,Jun,204,414,68,139,0.6603,0.6904,768,23.67
IllegalImmi,ER_RC,2,Jun,204,132,68,45,0.7631,0.7304,768,10.55
IllegalImmi,ER_R,7,Jun,204,414,68,139,0.6454,0.7089,768,25.15
IllegalImmi,ER_R,9,Jun,204,414,68,139,0.6697,0.6504,768,24.97
IllegalImmi,ER_RC,3,Jun,204,132,68,45,0.7474,0.6711,768,10.23
IllegalImmi,ER_RC,4,Jun,204,132,68,45,0.7468,0.7342,768,10.33
IllegalImmi,ER_RC,5,Jun,204,132,68,45,0.7433,0.7413,768,10.98
IllegalImmi,ER_RC,6,Jun,204,132,68,45,0.7129,0.808,768,11.10
IllegalImmi,ER_RC,8,Jun,204,132,68,45,0.7339,0.7747,768,11.16
IllegalImmi,ER_RC,7,Jun,204,132,68,45,0.7047,0.8155,768,11.64
IllegalImmi,ER_RC,9,Jun,204,132,68,45,0.7017,0.793,768,13.29
IllegalImmi,ER_LC,0,Jun,204,555,68,185,0.8068,0.7753,768,18.71
IllegalImmi,ER_LC,1,Jun,204,555,68,185,0.7663,0.7529,768,20.27
IllegalImmi,ER_LC,2,Jun,204,555,68,185,0.7777,0.8013,768,21.23
IllegalImmi,ER_LC,3,Jun,204,555,68,185,0.7894,0.7878,768,20.46
IllegalImmi,ER_L,0,Jun,204,175,68,59,0.7578,0.7405,768,11.95
IllegalImmi,ER_LC,4,Jun,204,555,68,185,0.7946,0.7441,768,20.06
IllegalImmi,ER_LC,5,Jun,204,555,68,185,0.7888,0.7553,768,19.62
IllegalImmi,ER_LC,6,Jun,204,555,68,185,0.7799,0.8538,768,19.57
IllegalImmi,ER_LC,7,Jun,204,555,68,185,0.7671,0.831,768,19.35
IllegalImmi,ER_LC,9,Jun,204,555,68,185,0.7912,0.792,768,20.48
IllegalImmi,ER_LC,8,Jun,204,555,68,185,0.7881,0.8226,768,21.74
IllegalImmi,ER_L,1,Jun,204,175,68,59,0.7492,0.7004,768,12.72
IllegalImmi,ER_L,2,Jun,204,175,68,59,0.7478,0.7541,768,12.47
IllegalImmi,ER_L,3,Jun,204,175,68,59,0.7453,0.7733,768,12.41
IllegalImmi,ER_L,4,Jun,204,175,68,59,0.7471,0.7225,768,12.36
IllegalImmi,ER_L,5,Jun,204,175,68,59,0.7237,0.7869,768,12.51
IllegalImmi,ER_L,6,Jun,204,175,68,59,0.7248,0.7762,768,12.29
IllegalImmi,ER_L,7,Jun,204,175,68,59,0.7178,0.714,768,11.88
IllegalImmi,ER_L,9,Jun,204,175,68,59,0.7182,0.7784,768,12.30
IllegalImmi,ER_L,8,Jun,204,175,68,59,0.7245,0.8112,768,12.99
IllegalImmi,R_RC,0,Jun,414,133,139,44,0.6483,0.6803,768,19.18
IllegalImmi,R_RC,2,Jun,414,133,139,44,0.6196,0.6762,768,18.41
IllegalImmi,R_RC,3,Jun,414,133,139,44,0.6824,0.6158,768,18.45
IllegalImmi,R_RC,4,Jun,414,133,139,44,0.6971,0.5654,768,17.70
IllegalImmi,C_ER,0,Jun,261,204,87,68,0.8146,0.7821,768,13.31
IllegalImmi,R_RC,1,Jun,414,133,139,44,0.6311,0.6691,768,23.58
IllegalImmi,R_RC,5,Jun,414,133,139,44,0.6729,0.6887,768,19.36
IllegalImmi,R_RC,6,Jun,414,133,139,44,0.6227,0.6027,768,19.32
IllegalImmi,R_RC,9,Jun,414,133,139,44,0.647,0.6241,768,16.50
IllegalImmi,R_RC,7,Jun,414,133,139,44,0.6729,0.6432,768,18.77
IllegalImmi,R_RC,8,Jun,414,133,139,44,0.6667,0.6313,768,19.34
IllegalImmi,C_ER,1,Jun,261,204,87,68,0.7978,0.7502,768,13.90
IllegalImmi,C_ER,2,Jun,261,204,87,68,0.7884,0.8281,768,13.77
IllegalImmi,C_ER,3,Jun,261,204,87,68,0.7767,0.8354,768,14.66
IllegalImmi,C_ER,4,Jun,261,204,87,68,0.8076,0.8058,768,13.70
IllegalImmi,C_ER,5,Jun,261,204,87,68,0.8184,0.783,768,13.10
IllegalImmi,C_ER,6,Jun,261,204,87,68,0.7866,0.7929,768,13.59
IllegalImmi,C_ER,7,Jun,261,204,87,68,0.7823,0.8403,768,13.90
IllegalImmi,C_ER,8,Jun,261,204,87,68,0.7989,0.7911,768,13.84
IllegalImmi,C_ER,9,Jun,261,204,87,68,0.8194,0.7847,768,14.03
IllegalImmi,C_RC,0,Jun,261,132,87,45,0.6469,0.6004,768,11.98
IllegalImmi,C_R,1,Jun,261,414,87,139,0.7128,0.673,768,25.76
IllegalImmi,C_R,0,Jun,261,414,87,139,0.712,0.6773,768,27.27
IllegalImmi,C_R,3,Jun,261,414,87,139,0.6854,0.7203,768,22.10
IllegalImmi,C_R,5,Jun,261,414,87,139,0.703,0.6658,768,23.52
IllegalImmi,C_R,6,Jun,261,414,87,139,0.6891,0.7161,768,22.90
IllegalImmi,C_R,4,Jun,261,414,87,139,0.7146,0.6751,768,27.15
IllegalImmi,C_R,2,Jun,261,414,87,139,0.6842,0.7239,768,29.95
IllegalImmi,C_RC,1,Jun,261,132,87,45,0.6403,0.6452,768,12.20
IllegalImmi,C_R,8,Jun,261,414,87,139,0.7236,0.6866,768,26.88
IllegalImmi,C_RC,2,Jun,261,132,87,45,0.5604,0.6682,768,13.00
IllegalImmi,C_R,7,Jun,261,414,87,139,0.6961,0.7017,768,29.33
IllegalImmi,C_RC,3,Jun,261,132,87,45,0.614,0.6341,768,13.54
IllegalImmi,C_RC,4,Jun,261,132,87,45,0.6359,0.6333,768,12.28
IllegalImmi,C_R,9,Jun,261,414,87,139,0.6992,0.6722,768,28.50
IllegalImmi,C_RC,6,Jun,261,132,87,45,0.6119,0.7073,768,12.66
IllegalImmi,C_RC,5,Jun,261,132,87,45,0.639,0.628,768,13.19
IllegalImmi,C_RC,7,Jun,261,132,87,45,0.5985,0.5881,768,12.36
IllegalImmi,C_LC,0,Jun,261,555,87,185,0.6065,0.6276,768,9.66
IllegalImmi,C_LC,4,Jun,261,555,87,185,0.6273,0.6056,768,8.10
IllegalImmi,C_RC,8,Jun,261,132,87,45,0.652,0.5548,768,12.94
IllegalImmi,C_LC,1,Jun,261,555,87,185,0.6148,0.5806,768,9.53
IllegalImmi,C_LC,5,Jun,261,555,87,185,0.6061,0.5884,768,8.60
IllegalImmi,C_LC,2,Jun,261,555,87,185,0.6067,0.6374,768,9.81
IllegalImmi,C_RC,9,Jun,261,132,87,45,0.6102,0.5448,768,12.91
IllegalImmi,C_LC,3,Jun,261,555,87,185,0.6174,0.6712,768,10.49
IllegalImmi,C_LC,6,Jun,261,555,87,185,0.6122,0.5755,768,7.81
IllegalImmi,C_LC,7,Jun,261,555,87,185,0.5816,0.589,768,9.72
IllegalImmi,C_LC,8,Jun,261,555,87,185,0.62,0.5904,768,9.13
IllegalImmi,C_LC,9,Jun,261,555,87,185,0.6319,0.5715,768,9.15
IllegalImmi,C_L,1,Jun,261,175,87,59,0.7404,0.7153,768,13.03
IllegalImmi,C_L,0,Jun,261,175,87,59,0.7013,0.8003,768,13.88
IllegalImmi,C_L,3,Jun,261,175,87,59,0.7365,0.7077,768,12.90
IllegalImmi,C_L,2,Jun,261,175,87,59,0.6994,0.8036,768,13.94
IllegalImmi,C_L,5,Jun,261,175,87,59,0.7556,0.6384,768,13.22
IllegalImmi,C_L,4,Jun,261,175,87,59,0.7411,0.7516,768,13.54
IllegalImmi,C_L,6,Jun,261,175,87,59,0.7241,0.7013,768,13.97
IllegalImmi,C_L,7,Jun,261,175,87,59,0.7193,0.7271,768,13.60
IllegalImmi,LC_R,0,Jun,555,414,185,139,0.6949,0.7075,768,9.45
IllegalImmi,C_L,8,Jun,261,175,87,59,0.7405,0.7125,768,13.36
IllegalImmi,C_L,9,Jun,261,175,87,59,0.7441,0.6874,768,14.03
IllegalImmi,LC_R,1,Jun,555,414,185,139,0.7034,0.6742,768,9.53
IllegalImmi,LC_R,2,Jun,555,414,185,139,0.7094,0.6877,768,9.59
IllegalImmi,LC_R,3,Jun,555,414,185,139,0.6829,0.6832,768,9.99
IllegalImmi,LC_R,5,Jun,555,414,185,139,0.7045,0.6661,768,9.26
IllegalImmi,LC_R,4,Jun,555,414,185,139,0.703,0.7002,768,9.91
IllegalImmi,LC_R,6,Jun,555,414,185,139,0.7087,0.6787,768,9.51
IllegalImmi,LC_R,7,Jun,555,414,185,139,0.6853,0.6949,768,9.87
IllegalImmi,LC_R,9,Jun,555,414,185,139,0.7139,0.6535,768,9.21
IllegalImmi,LC_R,8,Jun,555,414,185,139,0.6862,0.7039,768,9.78
IllegalImmi,LC_RC,0,Jun,554,133,186,44,0.6619,0.6359,768,18.55
IllegalImmi,LC_RC,3,Jun,554,133,186,44,0.5928,0.6329,768,18.96
IllegalImmi,LC_RC,2,Jun,554,133,186,44,0.6479,0.6096,768,19.84
IllegalImmi,LC_RC,1,Jun,554,133,186,44,0.6156,0.6284,768,20.65
IllegalImmi,LC_RC,4,Jun,554,133,186,44,0.6287,0.6371,768,19.73
IllegalImmi,LC_RC,6,Jun,554,133,186,44,0.6296,0.5995,768,19.74
IllegalImmi,LC_RC,5,Jun,554,133,186,44,0.5917,0.6685,768,20.17
IllegalImmi,LC_RC,7,Jun,554,133,186,44,0.6037,0.5976,768,20.44
IllegalImmi,L_R,0,Jun,175,415,59,138,0.7189,0.7097,768,18.54
IllegalImmi,LC_RC,9,Jun,554,133,186,44,0.6424,0.542,768,19.09
IllegalImmi,LC_RC,8,Jun,554,133,186,44,0.625,0.6344,768,20.38
IllegalImmi,L_RC,1,Jun,175,133,59,44,0.6952,0.6487,768,10.35
IllegalImmi,L_RC,0,Jun,175,133,59,44,0.7076,0.6487,768,10.87
IllegalImmi,L_R,1,Jun,175,415,59,138,0.7201,0.6638,768,18.97
IllegalImmi,L_R,2,Jun,175,415,59,138,0.7187,0.7109,768,18.38
IllegalImmi,L_R,3,Jun,175,415,59,138,0.7009,0.7183,768,19.07
IllegalImmi,L_R,4,Jun,175,415,59,138,0.7055,0.717,768,18.62
IllegalImmi,L_R,6,Jun,175,415,59,138,0.7039,0.7025,768,18.25
IllegalImmi,L_R,7,Jun,175,415,59,138,0.7146,0.7472,768,18.86
IllegalImmi,L_R,5,Jun,175,415,59,138,0.6896,0.7194,768,20.03
IllegalImmi,L_R,8,Jun,175,415,59,138,0.6898,0.8137,768,19.93
IllegalImmi,L_R,9,Jun,175,415,59,138,0.686,0.7448,768,19.52
IllegalImmi,L_RC,2,Jun,175,133,59,44,0.6907,0.7169,768,10.69
IllegalImmi,L_RC,3,Jun,175,133,59,44,0.7006,0.6342,768,10.52
IllegalImmi,L_RC,4,Jun,175,133,59,44,0.6785,0.6882,768,10.58
IllegalImmi,L_RC,5,Jun,175,133,59,44,0.7052,0.6059,768,10.79
IllegalImmi,L_RC,7,Jun,175,133,59,44,0.6939,0.697,768,10.08
IllegalImmi,L_RC,6,Jun,175,133,59,44,0.7204,0.6687,768,10.17
IllegalImmi,L_RC,8,Jun,175,133,59,44,0.6803,0.7479,768,11.02
IllegalImmi,L_RC,9,Jun,175,133,59,44,0.7128,0.6968,768,11.02
IllegalImmi,ER_R,0,Jul,267,513,89,171,0.6358,0.5947,768,8.13
IllegalImmi,L_LC,0,Jun,175,555,59,185,0.6589,0.6599,768,21.42
IllegalImmi,L_LC,2,Jun,175,555,59,185,0.6518,0.6699,768,20.49
IllegalImmi,L_LC,1,Jun,175,555,59,185,0.6447,0.6438,768,24.55
IllegalImmi,L_LC,4,Jun,175,555,59,185,0.6345,0.7073,768,22.91
IllegalImmi,ER_R,1,Jul,267,513,89,171,0.6329,0.6176,768,8.48
IllegalImmi,L_LC,3,Jun,175,555,59,185,0.6808,0.6766,768,23.60
IllegalImmi,L_LC,5,Jun,175,555,59,185,0.6438,0.5975,768,23.67
IllegalImmi,L_LC,6,Jun,175,555,59,185,0.6656,0.717,768,20.77
IllegalImmi,ER_R,2,Jul,267,513,89,171,0.6165,0.6376,768,8.35
IllegalImmi,L_LC,7,Jun,175,555,59,185,0.6643,0.5998,768,22.68
IllegalImmi,ER_R,3,Jul,267,513,89,171,0.6186,0.6235,768,8.69
IllegalImmi,L_LC,8,Jun,175,555,59,185,0.6676,0.6321,768,23.38
IllegalImmi,L_LC,9,Jun,175,555,59,185,0.6583,0.6375,768,23.21
IllegalImmi,ER_R,4,Jul,267,513,89,171,0.6333,0.6257,768,8.61
IllegalImmi,ER_R,8,Jul,267,513,89,171,0.6273,0.5983,768,7.95
IllegalImmi,ER_R,5,Jul,267,513,89,171,0.6291,0.581,768,9.08
IllegalImmi,ER_R,6,Jul,267,513,89,171,0.6032,0.6426,768,8.86
IllegalImmi,ER_R,7,Jul,267,513,89,171,0.6188,0.6594,768,8.66
IllegalImmi,ER_R,9,Jul,267,513,89,171,0.6144,0.581,768,8.52
IllegalImmi,ER_RC,0,Jul,267,204,89,68,0.7194,0.709,768,14.29
IllegalImmi,ER_LC,0,Jul,267,780,89,260,0.8021,0.7806,768,7.15
IllegalImmi,ER_RC,3,Jul,267,204,89,68,0.7354,0.7017,768,14.20
IllegalImmi,ER_RC,1,Jul,267,204,89,68,0.7212,0.7259,768,15.17
IllegalImmi,ER_RC,2,Jul,267,204,89,68,0.6973,0.7168,768,16.22
IllegalImmi,ER_RC,4,Jul,267,204,89,68,0.736,0.7021,768,14.89
IllegalImmi,ER_RC,5,Jul,267,204,89,68,0.7036,0.7441,768,14.65
IllegalImmi,ER_RC,8,Jul,267,204,89,68,0.7445,0.6347,768,12.96
IllegalImmi,ER_RC,7,Jul,267,204,89,68,0.7417,0.741,768,14.21
IllegalImmi,ER_RC,6,Jul,267,204,89,68,0.7043,0.7367,768,14.76
IllegalImmi,ER_RC,9,Jul,267,204,89,68,0.6976,0.7721,768,14.84
IllegalImmi,ER_LC,1,Jul,267,780,89,260,0.7812,0.7769,768,7.60
IllegalImmi,ER_LC,2,Jul,267,780,89,260,0.7971,0.8072,768,8.09
IllegalImmi,ER_LC,4,Jul,267,780,89,260,0.7913,0.8017,768,8.11
IllegalImmi,ER_LC,3,Jul,267,780,89,260,0.7696,0.8258,768,8.83
IllegalImmi,ER_LC,5,Jul,267,780,89,260,0.8033,0.7998,768,7.42
IllegalImmi,ER_LC,8,Jul,267,780,89,260,0.8057,0.7402,768,7.08
IllegalImmi,ER_LC,6,Jul,267,780,89,260,0.7833,0.8614,768,8.55
IllegalImmi,ER_LC,7,Jul,267,780,89,260,0.7825,0.8181,768,8.95
IllegalImmi,ER_LC,9,Jul,267,780,89,260,0.8026,0.8056,768,8.15
IllegalImmi,ER_L,0,Jul,267,257,89,86,0.7886,0.7318,768,16.59
IllegalImmi,ER_L,1,Jul,267,257,89,86,0.7654,0.789,768,17.21
IllegalImmi,ER_L,3,Jul,267,257,89,86,0.7688,0.7313,768,16.99
IllegalImmi,ER_L,2,Jul,267,257,89,86,0.739,0.8115,768,17.55
IllegalImmi,ER_L,5,Jul,267,257,89,86,0.7843,0.6962,768,16.62
IllegalImmi,ER_L,4,Jul,267,257,89,86,0.7563,0.8109,768,17.42
IllegalImmi,ER_L,7,Jul,267,257,89,86,0.7521,0.7938,768,16.76
IllegalImmi,ER_L,6,Jul,267,257,89,86,0.7427,0.8049,768,17.96
IllegalImmi,ER_L,8,Jul,267,257,89,86,0.7615,0.8012,768,17.32
IllegalImmi,ER_L,9,Jul,267,257,89,86,0.7522,0.7652,768,17.28
IllegalImmi,R_RC,0,Jul,513,204,171,68,0.6435,0.6522,768,26.37
IllegalImmi,C_ER,0,Jul,338,267,113,89,0.7751,0.6994,768,15.57
IllegalImmi,R_RC,1,Jul,513,204,171,68,0.657,0.6639,768,26.99
IllegalImmi,R_RC,4,Jul,513,204,171,68,0.6495,0.6418,768,25.52
IllegalImmi,R_RC,2,Jul,513,204,171,68,0.66,0.6198,768,27.23
IllegalImmi,R_RC,6,Jul,513,204,171,68,0.6382,0.6508,768,24.61
IllegalImmi,R_RC,3,Jul,513,204,171,68,0.657,0.6965,768,27.39
IllegalImmi,R_RC,8,Jul,513,204,171,68,0.6407,0.6626,768,24.55
IllegalImmi,R_RC,7,Jul,513,204,171,68,0.6337,0.6581,768,24.98
IllegalImmi,R_RC,5,Jul,513,204,171,68,0.6183,0.667,768,28.92
IllegalImmi,R_RC,9,Jul,513,204,171,68,0.6583,0.6069,768,27.11
IllegalImmi,C_ER,1,Jul,338,267,113,89,0.7651,0.751,768,16.03
IllegalImmi,C_ER,2,Jul,338,267,113,89,0.78,0.7076,768,16.03
IllegalImmi,C_R,0,Jul,338,513,113,171,0.7069,0.6823,768,8.09
IllegalImmi,C_R,1,Jul,338,513,113,171,0.7087,0.7181,768,7.86
IllegalImmi,C_R,2,Jul,338,513,113,171,0.7243,0.6917,768,8.18
IllegalImmi,C_ER,3,Jul,338,267,113,89,0.759,0.7368,768,15.01
IllegalImmi,C_ER,4,Jul,338,267,113,89,0.8014,0.7425,768,15.23
IllegalImmi,C_ER,5,Jul,338,267,113,89,0.7727,0.7702,768,14.99
IllegalImmi,C_ER,6,Jul,338,267,113,89,0.7742,0.7614,768,15.49
IllegalImmi,C_ER,7,Jul,338,267,113,89,0.7685,0.7646,768,14.90
IllegalImmi,C_ER,8,Jul,338,267,113,89,0.7714,0.7649,768,14.97
IllegalImmi,C_ER,9,Jul,338,267,113,89,0.7694,0.761,768,15.10
IllegalImmi,C_R,3,Jul,338,513,113,171,0.7436,0.6797,768,8.45
IllegalImmi,C_R,5,Jul,338,513,113,171,0.739,0.6695,768,7.85
IllegalImmi,C_R,4,Jul,338,513,113,171,0.7215,0.6575,768,8.49
IllegalImmi,C_R,6,Jul,338,513,113,171,0.7116,0.7343,768,8.51
IllegalImmi,C_R,7,Jul,338,513,113,171,0.7036,0.6944,768,8.33
IllegalImmi,C_R,8,Jul,338,513,113,171,0.705,0.7004,768,8.23
IllegalImmi,C_R,9,Jul,338,513,113,171,0.7103,0.6874,768,8.31
IllegalImmi,C_RC,0,Jul,338,204,113,68,0.6429,0.5288,768,20.73
IllegalImmi,C_RC,2,Jul,338,204,113,68,0.5706,0.5906,768,20.41
IllegalImmi,C_RC,3,Jul,338,204,113,68,0.5718,0.6171,768,20.69
IllegalImmi,C_RC,1,Jul,338,204,113,68,0.5722,0.5878,768,22.05
IllegalImmi,C_LC,0,Jul,338,780,113,260,0.6217,0.5268,768,15.20
IllegalImmi,C_RC,4,Jul,338,204,113,68,0.5929,0.5671,768,20.59
IllegalImmi,C_RC,5,Jul,338,204,113,68,0.6064,0.5671,768,19.76
IllegalImmi,C_RC,6,Jul,338,204,113,68,0.5833,0.5804,768,19.86
IllegalImmi,C_RC,8,Jul,338,204,113,68,0.6059,0.5994,768,18.96
IllegalImmi,C_RC,7,Jul,338,204,113,68,0.5725,0.5848,768,20.22
IllegalImmi,C_RC,9,Jul,338,204,113,68,0.5807,0.6334,768,21.12
IllegalImmi,C_LC,1,Jul,338,780,113,260,0.5855,0.5961,768,13.98
IllegalImmi,C_LC,2,Jul,338,780,113,260,0.5968,0.5922,768,13.59
IllegalImmi,C_LC,5,Jul,338,780,113,260,0.6228,0.5307,768,12.90
IllegalImmi,C_LC,3,Jul,338,780,113,260,0.6128,0.5736,768,13.58
IllegalImmi,C_LC,4,Jul,338,780,113,260,0.6168,0.5663,768,13.66
IllegalImmi,C_LC,6,Jul,338,780,113,260,0.6115,0.5838,768,13.18
IllegalImmi,C_LC,7,Jul,338,780,113,260,0.5965,0.6507,768,14.19
IllegalImmi,C_LC,9,Jul,338,780,113,260,0.5912,0.598,768,13.96
IllegalImmi,C_LC,8,Jul,338,780,113,260,0.6243,0.6078,768,14.30
IllegalImmi,C_L,0,Jul,338,257,113,86,0.7488,0.7349,768,18.50
IllegalImmi,C_L,1,Jul,338,257,113,86,0.72,0.811,768,20.08
IllegalImmi,C_L,4,Jul,338,257,113,86,0.7631,0.6956,768,16.63
IllegalImmi,LC_R,0,Jul,780,513,260,171,0.7264,0.7246,768,13.33
IllegalImmi,C_L,2,Jul,338,257,113,86,0.7158,0.7792,768,19.00
IllegalImmi,C_L,5,Jul,338,257,113,86,0.7719,0.7289,768,18.07
IllegalImmi,C_L,3,Jul,338,257,113,86,0.7358,0.7161,768,19.30
IllegalImmi,C_L,6,Jul,338,257,113,86,0.745,0.7817,768,18.87
IllegalImmi,C_L,7,Jul,338,257,113,86,0.7307,0.7761,768,19.45
IllegalImmi,C_L,8,Jul,338,257,113,86,0.7414,0.7512,768,19.02
IllegalImmi,LC_R,1,Jul,780,513,260,171,0.7358,0.733,768,13.26
IllegalImmi,C_L,9,Jul,338,257,113,86,0.7675,0.738,768,19.54
IllegalImmi,LC_R,2,Jul,780,513,260,171,0.7405,0.6859,768,13.02
IllegalImmi,LC_R,3,Jul,780,513,260,171,0.7336,0.7174,768,13.83
IllegalImmi,LC_R,5,Jul,780,513,260,171,0.7385,0.7298,768,13.10
IllegalImmi,LC_R,7,Jul,780,513,260,171,0.7259,0.75,768,12.85
IllegalImmi,LC_R,4,Jul,780,513,260,171,0.7292,0.7316,768,14.68
IllegalImmi,LC_R,6,Jul,780,513,260,171,0.7239,0.7316,768,13.49
IllegalImmi,LC_R,8,Jul,780,513,260,171,0.7095,0.7446,768,13.77
IllegalImmi,LC_RC,1,Jul,780,204,260,68,0.5971,0.5174,768,11.37
IllegalImmi,LC_R,9,Jul,780,513,260,171,0.7181,0.7596,768,13.29
IllegalImmi,LC_RC,2,Jul,780,204,260,68,0.5634,0.5936,768,11.66
IllegalImmi,LC_RC,0,Jul,780,204,260,68,0.568,0.5585,768,12.35
IllegalImmi,LC_RC,3,Jul,780,204,260,68,0.556,0.5891,768,11.91
IllegalImmi,L_R,0,Jul,257,513,86,171,0.7266,0.7146,768,6.62
IllegalImmi,L_R,3,Jul,257,513,86,171,0.7197,0.7085,768,6.47
IllegalImmi,L_R,2,Jul,257,513,86,171,0.7146,0.7873,768,6.57
IllegalImmi,L_R,1,Jul,257,513,86,171,0.7382,0.7466,768,7.02
IllegalImmi,LC_RC,5,Jul,780,204,260,68,0.5687,0.5255,768,11.17
IllegalImmi,LC_RC,4,Jul,780,204,260,68,0.5753,0.5546,768,12.29
IllegalImmi,LC_RC,8,Jul,780,204,260,68,0.5473,0.6086,768,11.07
IllegalImmi,LC_RC,6,Jul,780,204,260,68,0.5797,0.5553,768,11.73
IllegalImmi,L_R,4,Jul,257,513,86,171,0.7575,0.7379,768,6.27
IllegalImmi,LC_RC,7,Jul,780,204,260,68,0.5565,0.5594,768,13.46
IllegalImmi,LC_RC,9,Jul,780,204,260,68,0.5626,0.5856,768,13.29
IllegalImmi,L_R,5,Jul,257,513,86,171,0.7407,0.7144,768,6.50
IllegalImmi,L_R,6,Jul,257,513,86,171,0.7429,0.691,768,6.20
IllegalImmi,L_R,7,Jul,257,513,86,171,0.7312,0.7493,768,6.53
IllegalImmi,L_R,8,Jul,257,513,86,171,0.7274,0.758,768,6.95
IllegalImmi,L_R,9,Jul,257,513,86,171,0.7323,0.7289,768,6.48
IllegalImmi,L_LC,0,Jul,257,780,86,260,0.6969,0.6891,768,9.86
IllegalImmi,L_RC,1,Jul,257,204,86,68,0.7212,0.5949,768,16.34
IllegalImmi,L_RC,0,Jul,257,204,86,68,0.6828,0.6972,768,17.04
IllegalImmi,L_RC,2,Jul,257,204,86,68,0.6585,0.7982,768,16.43
IllegalImmi,L_RC,3,Jul,257,204,86,68,0.6921,0.6944,768,16.34
IllegalImmi,L_RC,4,Jul,257,204,86,68,0.7091,0.6518,768,16.52
IllegalImmi,L_RC,5,Jul,257,204,86,68,0.7103,0.6975,768,17.04
IllegalImmi,L_RC,7,Jul,257,204,86,68,0.6753,0.6855,768,16.17
IllegalImmi,L_RC,6,Jul,257,204,86,68,0.6989,0.7103,768,16.81
IllegalImmi,L_RC,8,Jul,257,204,86,68,0.6946,0.7514,768,16.81
IllegalImmi,L_RC,9,Jul,257,204,86,68,0.6943,0.6813,768,16.75
IllegalImmi,L_LC,2,Jul,257,780,86,260,0.7015,0.7259,768,9.80
IllegalImmi,L_LC,1,Jul,257,780,86,260,0.6897,0.7163,768,10.30
IllegalImmi,L_LC,3,Jul,257,780,86,260,0.704,0.7374,768,9.81
IllegalImmi,L_LC,5,Jul,257,780,86,260,0.684,0.7123,768,9.73
IllegalImmi,L_LC,4,Jul,257,780,86,260,0.6993,0.7046,768,9.98
IllegalImmi,L_LC,6,Jul,257,780,86,260,0.6919,0.7123,768,9.79
IllegalImmi,L_LC,7,Jul,257,780,86,260,0.7103,0.6871,768,9.80
IllegalImmi,L_LC,8,Jul,257,780,86,260,0.702,0.7354,768,9.88
IllegalImmi,L_LC,9,Jul,257,780,86,260,0.684,0.745,768,9.77
IllegalImmi,ER_R,0,Aug,208,305,69,102,0.5951,0.6498,768,17.44
IllegalImmi,ER_RC,0,Aug,207,106,70,35,0.7167,0.7929,768,10.25
IllegalImmi,ER_R,1,Aug,208,305,69,102,0.6363,0.6113,768,20.52
IllegalImmi,ER_R,2,Aug,208,305,69,102,0.6361,0.643,768,17.29
IllegalImmi,ER_R,3,Aug,208,305,69,102,0.6142,0.5874,768,17.90
IllegalImmi,ER_R,4,Aug,208,305,69,102,0.6189,0.572,768,17.74
IllegalImmi,ER_R,6,Aug,208,305,69,102,0.6209,0.5891,768,17.49
IllegalImmi,ER_R,8,Aug,208,305,69,102,0.6501,0.6181,768,17.93
IllegalImmi,ER_R,9,Aug,208,305,69,102,0.6369,0.6008,768,17.73
IllegalImmi,ER_RC,1,Aug,207,106,70,35,0.7601,0.7429,768,9.51
IllegalImmi,ER_R,5,Aug,208,305,69,102,0.604,0.6044,768,23.22
IllegalImmi,ER_RC,2,Aug,207,106,70,35,0.7075,0.7214,768,9.93
IllegalImmi,ER_R,7,Aug,208,305,69,102,0.6087,0.5603,768,23.50
IllegalImmi,ER_RC,4,Aug,207,106,70,35,0.7365,0.7571,768,9.15
IllegalImmi,ER_RC,3,Aug,207,106,70,35,0.7563,0.7714,768,9.75
IllegalImmi,ER_RC,6,Aug,207,106,70,35,0.7524,0.7857,768,9.55
IllegalImmi,ER_RC,5,Aug,207,106,70,35,0.7267,0.7143,768,9.66
IllegalImmi,ER_RC,7,Aug,207,106,70,35,0.7191,0.7,768,9.70
IllegalImmi,ER_RC,9,Aug,207,106,70,35,0.7286,0.75,768,9.22
IllegalImmi,ER_RC,8,Aug,207,106,70,35,0.7102,0.7357,768,9.55
IllegalImmi,ER_LC,0,Aug,208,494,69,166,0.8063,0.7816,768,16.01
IllegalImmi,ER_LC,1,Aug,208,494,69,166,0.7611,0.8027,768,16.34
IllegalImmi,ER_L,0,Aug,208,161,69,54,0.7321,0.7287,768,10.54
IllegalImmi,ER_LC,3,Aug,208,494,69,166,0.785,0.7466,768,17.08
IllegalImmi,ER_LC,2,Aug,208,494,69,166,0.7951,0.8118,768,18.76
IllegalImmi,ER_LC,4,Aug,208,494,69,166,0.7646,0.8377,768,17.12
IllegalImmi,ER_LC,7,Aug,208,494,69,166,0.7735,0.8105,768,16.40
IllegalImmi,ER_LC,5,Aug,208,494,69,166,0.7689,0.8522,768,17.59
IllegalImmi,ER_LC,6,Aug,208,494,69,166,0.8156,0.7557,768,17.21
IllegalImmi,ER_LC,8,Aug,208,494,69,166,0.7842,0.761,768,17.84
IllegalImmi,ER_LC,9,Aug,208,494,69,166,0.7805,0.8034,768,17.65
IllegalImmi,ER_L,1,Aug,208,161,69,54,0.7247,0.6812,768,11.20
IllegalImmi,ER_L,2,Aug,208,161,69,54,0.7362,0.7214,768,11.53
IllegalImmi,ER_L,3,Aug,208,161,69,54,0.7387,0.744,768,10.59
IllegalImmi,ER_L,4,Aug,208,161,69,54,0.7378,0.7524,768,9.91
IllegalImmi,ER_L,6,Aug,208,161,69,54,0.763,0.6824,768,10.59
IllegalImmi,ER_L,7,Aug,208,161,69,54,0.7118,0.7512,768,10.06
IllegalImmi,ER_L,5,Aug,208,161,69,54,0.6987,0.7802,768,11.94
IllegalImmi,ER_L,8,Aug,208,161,69,54,0.7161,0.7814,768,13.69
IllegalImmi,ER_L,9,Aug,208,161,69,54,0.7208,0.6586,768,13.88
IllegalImmi,R_RC,0,Aug,305,106,102,35,0.61,0.6261,768,13.32
IllegalImmi,R_RC,1,Aug,305,106,102,35,0.6383,0.6154,768,13.06
IllegalImmi,R_RC,2,Aug,305,106,102,35,0.6339,0.6436,768,12.81
IllegalImmi,R_RC,3,Aug,305,106,102,35,0.6273,0.644,768,13.34
IllegalImmi,R_RC,5,Aug,305,106,102,35,0.6082,0.7235,768,13.25
IllegalImmi,R_RC,6,Aug,305,106,102,35,0.6412,0.6819,768,12.82
IllegalImmi,R_RC,7,Aug,305,106,102,35,0.6545,0.6922,768,13.11
IllegalImmi,R_RC,4,Aug,305,106,102,35,0.6561,0.6301,768,15.86
IllegalImmi,R_RC,8,Aug,305,106,102,35,0.6115,0.6542,768,13.16
IllegalImmi,C_ER,1,Aug,210,207,70,70,0.7867,0.7643,768,11.32
IllegalImmi,C_ER,0,Aug,210,207,70,70,0.7724,0.8143,768,11.78
IllegalImmi,R_RC,9,Aug,305,106,102,35,0.6207,0.5905,768,14.10
IllegalImmi,C_ER,2,Aug,210,207,70,70,0.7602,0.8143,768,12.03
IllegalImmi,C_ER,3,Aug,210,207,70,70,0.7958,0.7571,768,11.59
IllegalImmi,C_ER,4,Aug,210,207,70,70,0.796,0.7929,768,11.48
IllegalImmi,C_ER,7,Aug,210,207,70,70,0.7934,0.7571,768,10.15
IllegalImmi,C_ER,5,Aug,210,207,70,70,0.7843,0.75,768,11.51
IllegalImmi,C_ER,6,Aug,210,207,70,70,0.803,0.8071,768,10.91
IllegalImmi,C_ER,9,Aug,210,207,70,70,0.782,0.7643,768,10.98
IllegalImmi,C_ER,8,Aug,210,207,70,70,0.7889,0.7857,768,13.26
IllegalImmi,C_R,1,Aug,210,305,70,102,0.7013,0.7244,768,17.90
IllegalImmi,C_R,0,Aug,210,305,70,102,0.7108,0.7113,768,18.41
IllegalImmi,C_R,2,Aug,210,305,70,102,0.7066,0.7244,768,17.37
IllegalImmi,C_R,3,Aug,210,305,70,102,0.7258,0.6842,768,17.03
IllegalImmi,C_RC,0,Aug,210,105,70,36,0.5976,0.6286,768,9.52
IllegalImmi,C_R,4,Aug,210,305,70,102,0.7275,0.6672,768,17.20
IllegalImmi,C_R,7,Aug,210,305,70,102,0.715,0.6485,768,16.40
IllegalImmi,C_R,8,Aug,210,305,70,102,0.7169,0.6882,768,17.12
IllegalImmi,C_R,5,Aug,210,305,70,102,0.7126,0.7011,768,18.47
IllegalImmi,C_R,6,Aug,210,305,70,102,0.7052,0.698,768,17.93
IllegalImmi,C_R,9,Aug,210,305,70,102,0.7013,0.6868,768,16.21
IllegalImmi,C_RC,1,Aug,210,105,70,36,0.6262,0.5925,768,9.42
IllegalImmi,C_RC,3,Aug,210,105,70,36,0.6429,0.621,768,8.84
IllegalImmi,C_RC,2,Aug,210,105,70,36,0.5571,0.696,768,10.08
IllegalImmi,C_RC,4,Aug,210,105,70,36,0.631,0.6155,768,9.09
IllegalImmi,C_RC,5,Aug,210,105,70,36,0.6405,0.6143,768,9.38
IllegalImmi,C_RC,6,Aug,210,105,70,36,0.6238,0.6075,768,9.61
IllegalImmi,C_RC,7,Aug,210,105,70,36,0.6286,0.6548,768,9.89
IllegalImmi,C_RC,9,Aug,210,105,70,36,0.6286,0.5992,768,9.23
IllegalImmi,C_RC,8,Aug,210,105,70,36,0.6167,0.579,768,9.51
IllegalImmi,C_L,0,Aug,210,161,70,54,0.7476,0.7839,768,11.70
IllegalImmi,C_LC,0,Aug,210,495,70,165,0.6089,0.6587,768,24.67
IllegalImmi,C_LC,1,Aug,210,495,70,165,0.594,0.6394,768,25.92
IllegalImmi,C_LC,3,Aug,210,495,70,165,0.6173,0.6504,768,26.38
IllegalImmi,C_LC,5,Aug,210,495,70,165,0.6377,0.6221,768,24.61
IllegalImmi,C_LC,2,Aug,210,495,70,165,0.6116,0.6556,768,27.67
IllegalImmi,C_LC,4,Aug,210,495,70,165,0.6276,0.6182,768,27.02
IllegalImmi,C_L,1,Aug,210,161,70,54,0.7593,0.7225,768,9.96
IllegalImmi,C_LC,7,Aug,210,495,70,165,0.632,0.6128,768,25.53
IllegalImmi,C_LC,6,Aug,210,495,70,165,0.6166,0.6353,768,27.81
IllegalImmi,C_L,2,Aug,210,161,70,54,0.7523,0.7254,768,10.40
IllegalImmi,C_LC,8,Aug,210,495,70,165,0.615,0.611,768,26.54
IllegalImmi,C_LC,9,Aug,210,495,70,165,0.6315,0.5537,768,27.13
IllegalImmi,C_L,3,Aug,210,161,70,54,0.7341,0.796,768,10.22
IllegalImmi,C_L,4,Aug,210,161,70,54,0.7568,0.7439,768,9.89
IllegalImmi,C_L,7,Aug,210,161,70,54,0.741,0.781,768,9.50
IllegalImmi,C_L,5,Aug,210,161,70,54,0.7261,0.8217,768,10.51
IllegalImmi,LC_R,0,Aug,495,305,165,102,0.7116,0.7345,768,7.30
IllegalImmi,C_L,6,Aug,210,161,70,54,0.7664,0.7283,768,10.78
IllegalImmi,C_L,8,Aug,210,161,70,54,0.7576,0.7325,768,10.95
IllegalImmi,LC_R,1,Aug,495,305,165,102,0.7316,0.6608,768,6.90
IllegalImmi,LC_R,2,Aug,495,305,165,102,0.7147,0.7397,768,7.46
IllegalImmi,C_L,9,Aug,210,161,70,54,0.7329,0.7325,768,11.77
IllegalImmi,LC_R,4,Aug,495,305,165,102,0.7001,0.734,768,7.20
IllegalImmi,LC_R,3,Aug,495,305,165,102,0.7157,0.7257,768,7.51
IllegalImmi,LC_R,5,Aug,495,305,165,102,0.704,0.7075,768,7.46
IllegalImmi,LC_R,7,Aug,495,305,165,102,0.6948,0.6853,768,7.01
IllegalImmi,LC_R,6,Aug,495,305,165,102,0.7049,0.7012,768,7.34
IllegalImmi,LC_R,8,Aug,495,305,165,102,0.7129,0.7152,768,7.16
IllegalImmi,LC_R,9,Aug,495,305,165,102,0.6963,0.7208,768,7.70
IllegalImmi,LC_RC,0,Aug,494,106,166,35,0.5458,0.59,768,15.73
IllegalImmi,LC_RC,1,Aug,494,106,166,35,0.5784,0.5742,768,15.72
IllegalImmi,LC_RC,2,Aug,494,106,166,35,0.5722,0.5645,768,15.02
IllegalImmi,LC_RC,4,Aug,494,106,166,35,0.5974,0.5803,768,14.68
IllegalImmi,LC_RC,5,Aug,494,106,166,35,0.5299,0.5374,768,16.01
IllegalImmi,LC_RC,3,Aug,494,106,166,35,0.5733,0.593,768,16.83
IllegalImmi,LC_RC,7,Aug,494,106,166,35,0.5753,0.5577,768,15.19
IllegalImmi,LC_RC,9,Aug,494,106,166,35,0.585,0.5246,768,14.88
IllegalImmi,LC_RC,8,Aug,494,106,166,35,0.5441,0.5569,768,15.50
IllegalImmi,LC_RC,6,Aug,494,106,166,35,0.5545,0.563,768,16.51
IllegalImmi,L_R,0,Aug,161,305,54,102,0.7002,0.6536,768,16.27
IllegalImmi,L_RC,0,Aug,161,106,54,35,0.7273,0.741,768,9.07
IllegalImmi,L_RC,1,Aug,161,106,54,35,0.7555,0.6484,768,8.52
IllegalImmi,L_R,1,Aug,161,305,54,102,0.6998,0.6977,768,15.95
IllegalImmi,L_R,4,Aug,161,305,54,102,0.6785,0.7293,768,15.83
IllegalImmi,L_R,3,Aug,161,305,54,102,0.6993,0.658,768,16.62
IllegalImmi,L_R,5,Aug,161,305,54,102,0.7009,0.6541,768,14.95
IllegalImmi,L_R,2,Aug,161,305,54,102,0.7151,0.6356,768,16.98
IllegalImmi,L_R,6,Aug,161,305,54,102,0.6913,0.6792,768,15.51
IllegalImmi,L_R,8,Aug,161,305,54,102,0.6724,0.6721,768,15.31
IllegalImmi,L_R,7,Aug,161,305,54,102,0.6964,0.6868,768,15.94
IllegalImmi,L_R,9,Aug,161,305,54,102,0.673,0.6825,768,16.75
IllegalImmi,L_RC,2,Aug,161,106,54,35,0.6865,0.7796,768,7.90
IllegalImmi,L_RC,3,Aug,161,106,54,35,0.6816,0.7376,768,7.98
IllegalImmi,L_RC,4,Aug,161,106,54,35,0.6915,0.7283,768,7.93
IllegalImmi,L_RC,6,Aug,161,106,54,35,0.692,0.704,768,7.75
IllegalImmi,L_RC,8,Aug,161,106,54,35,0.706,0.7267,768,8.16
IllegalImmi,L_RC,7,Aug,161,106,54,35,0.7259,0.704,768,8.96
IllegalImmi,L_RC,5,Aug,161,106,54,35,0.742,0.6839,768,9.32
IllegalImmi,L_RC,9,Aug,161,106,54,35,0.6993,0.7545,768,8.41
IllegalImmi,ER_R,0,Sep,128,208,43,69,0.6403,0.5819,768,10.82
IllegalImmi,L_LC,0,Aug,161,495,54,165,0.7008,0.6872,768,19.21
IllegalImmi,L_LC,1,Aug,161,495,54,165,0.7128,0.6628,768,20.22
IllegalImmi,L_LC,2,Aug,161,495,54,165,0.7094,0.702,768,19.36
IllegalImmi,L_LC,3,Aug,161,495,54,165,0.6774,0.7399,768,19.16
IllegalImmi,L_LC,4,Aug,161,495,54,165,0.6932,0.7153,768,18.31
IllegalImmi,L_LC,7,Aug,161,495,54,165,0.697,0.6658,768,17.36
IllegalImmi,L_LC,5,Aug,161,495,54,165,0.6862,0.629,768,18.72
IllegalImmi,L_LC,6,Aug,161,495,54,165,0.6781,0.7145,768,19.40
IllegalImmi,L_LC,8,Aug,161,495,54,165,0.6955,0.6938,768,17.95
IllegalImmi,L_LC,9,Aug,161,495,54,165,0.683,0.7153,768,22.06
IllegalImmi,ER_R,1,Sep,128,208,43,69,0.5818,0.5848,768,12.46
IllegalImmi,ER_R,2,Sep,128,208,43,69,0.5971,0.518,768,11.95
IllegalImmi,ER_RC,0,Sep,128,112,43,37,0.818,0.7564,768,7.44
IllegalImmi,ER_R,3,Sep,128,208,43,69,0.583,0.6458,768,11.10
IllegalImmi,ER_R,4,Sep,128,208,43,69,0.6163,0.5733,768,10.61
IllegalImmi,ER_R,8,Sep,128,208,43,69,0.591,0.5703,768,10.22
IllegalImmi,ER_R,5,Sep,128,208,43,69,0.6171,0.6923,768,11.33
IllegalImmi,ER_R,7,Sep,128,208,43,69,0.6253,0.5994,768,10.46
IllegalImmi,ER_R,6,Sep,128,208,43,69,0.6012,0.5832,768,11.10
IllegalImmi,ER_R,9,Sep,128,208,43,69,0.6074,0.6429,768,11.21
IllegalImmi,ER_RC,1,Sep,128,112,43,37,0.7592,0.7564,768,7.65
IllegalImmi,ER_RC,2,Sep,128,112,43,37,0.7303,0.7624,768,7.69
IllegalImmi,ER_RC,4,Sep,128,112,43,37,0.7769,0.7043,768,6.84
IllegalImmi,ER_RC,3,Sep,128,112,43,37,0.8099,0.7505,768,7.49
IllegalImmi,ER_RC,5,Sep,128,112,43,37,0.7087,0.8086,768,7.60
IllegalImmi,ER_RC,6,Sep,128,112,43,37,0.7988,0.7681,768,8.04
IllegalImmi,ER_RC,7,Sep,128,112,43,37,0.7755,0.8375,768,7.70
IllegalImmi,ER_RC,9,Sep,128,112,43,37,0.7614,0.8105,768,7.51
IllegalImmi,ER_RC,8,Sep,128,112,43,37,0.7361,0.7794,768,7.93
IllegalImmi,ER_LC,0,Sep,128,382,43,128,0.8056,0.8058,768,12.29
IllegalImmi,ER_L,0,Sep,128,91,43,31,0.7515,0.7243,768,6.35
IllegalImmi,ER_LC,1,Sep,128,382,43,128,0.7789,0.8833,768,12.23
IllegalImmi,ER_LC,2,Sep,128,382,43,128,0.803,0.8134,768,13.25
IllegalImmi,ER_LC,3,Sep,128,382,43,128,0.8028,0.7823,768,11.83
IllegalImmi,ER_LC,5,Sep,128,382,43,128,0.781,0.8484,768,11.82
IllegalImmi,ER_LC,4,Sep,128,382,43,128,0.7736,0.8833,768,12.76
IllegalImmi,ER_LC,6,Sep,128,382,43,128,0.7775,0.8054,768,12.01
IllegalImmi,ER_LC,7,Sep,128,382,43,128,0.8096,0.8133,768,11.69
IllegalImmi,ER_L,1,Sep,128,91,43,31,0.7319,0.7618,768,6.49
IllegalImmi,ER_LC,9,Sep,128,382,43,128,0.7963,0.8132,768,11.49
IllegalImmi,ER_LC,8,Sep,128,382,43,128,0.7914,0.7743,768,11.87
IllegalImmi,ER_L,3,Sep,128,91,43,31,0.7469,0.7547,768,6.32
IllegalImmi,ER_L,2,Sep,128,91,43,31,0.7995,0.7296,768,7.09
IllegalImmi,ER_L,5,Sep,128,91,43,31,0.7415,0.7367,768,5.90
IllegalImmi,ER_L,4,Sep,128,91,43,31,0.7525,0.7573,768,6.93
IllegalImmi,ER_L,6,Sep,128,91,43,31,0.7448,0.7967,768,7.10
IllegalImmi,ER_L,7,Sep,128,91,43,31,0.7789,0.7592,768,7.06
IllegalImmi,ER_L,9,Sep,128,91,43,31,0.7319,0.7967,768,6.49
IllegalImmi,ER_L,8,Sep,128,91,43,31,0.7385,0.8057,768,6.68
IllegalImmi,R_RC,1,Sep,207,112,70,37,0.7092,0.6687,768,10.37
IllegalImmi,R_RC,0,Sep,207,112,70,37,0.6468,0.6973,768,11.05
IllegalImmi,R_RC,2,Sep,207,112,70,37,0.6662,0.668,768,10.77
IllegalImmi,R_RC,3,Sep,207,112,70,37,0.6632,0.656,768,10.54
IllegalImmi,R_RC,5,Sep,207,112,70,37,0.6727,0.6139,768,10.07
IllegalImmi,R_RC,4,Sep,207,112,70,37,0.6765,0.6473,768,10.83
IllegalImmi,R_RC,6,Sep,207,112,70,37,0.6508,0.7514,768,10.32
IllegalImmi,C_ER,0,Sep,169,128,56,43,0.8406,0.8347,768,8.61
IllegalImmi,R_RC,7,Sep,207,112,70,37,0.713,0.5654,768,10.80
IllegalImmi,R_RC,9,Sep,207,112,70,37,0.655,0.6353,768,10.71
IllegalImmi,R_RC,8,Sep,207,112,70,37,0.6421,0.718,768,11.64
IllegalImmi,C_ER,1,Sep,169,128,56,43,0.8295,0.7847,768,8.24
IllegalImmi,C_ER,2,Sep,169,128,56,43,0.8216,0.8231,768,7.67
IllegalImmi,C_ER,3,Sep,169,128,56,43,0.8283,0.8231,768,7.91
IllegalImmi,C_ER,4,Sep,169,128,56,43,0.8173,0.8794,768,8.04
IllegalImmi,C_ER,6,Sep,169,128,56,43,0.8481,0.7998,768,7.73
IllegalImmi,C_ER,5,Sep,169,128,56,43,0.7901,0.8328,768,8.08
IllegalImmi,C_ER,7,Sep,169,128,56,43,0.8179,0.8418,768,7.78
IllegalImmi,C_ER,8,Sep,169,128,56,43,0.837,0.8177,768,8.08
IllegalImmi,C_ER,9,Sep,169,128,56,43,0.7942,0.9124,768,8.73
IllegalImmi,C_R,1,Sep,169,207,56,70,0.7455,0.6893,768,11.82
IllegalImmi,C_R,0,Sep,169,207,56,70,0.7013,0.7232,768,12.89
IllegalImmi,C_R,2,Sep,169,207,56,70,0.7537,0.6643,768,12.63
IllegalImmi,C_R,4,Sep,169,207,56,70,0.6975,0.7625,768,12.70
IllegalImmi,C_R,3,Sep,169,207,56,70,0.7038,0.7161,768,13.14
IllegalImmi,C_R,5,Sep,169,207,56,70,0.7238,0.7964,768,12.74
IllegalImmi,C_R,7,Sep,169,207,56,70,0.7377,0.7054,768,12.15
IllegalImmi,C_RC,0,Sep,168,112,57,37,0.6276,0.684,768,7.85
IllegalImmi,C_R,8,Sep,169,207,56,70,0.717,0.6964,768,12.05
IllegalImmi,C_R,9,Sep,169,207,56,70,0.7297,0.7393,768,11.89
IllegalImmi,C_R,6,Sep,169,207,56,70,0.7189,0.6911,768,14.61
IllegalImmi,C_RC,2,Sep,168,112,57,37,0.6935,0.6354,768,7.42
IllegalImmi,C_RC,1,Sep,168,112,57,37,0.6519,0.7103,768,8.11
IllegalImmi,C_RC,3,Sep,168,112,57,37,0.6731,0.6873,768,7.66
IllegalImmi,C_RC,4,Sep,168,112,57,37,0.6654,0.6866,768,7.78
IllegalImmi,C_RC,5,Sep,168,112,57,37,0.6593,0.669,768,8.49
IllegalImmi,C_RC,7,Sep,168,112,57,37,0.6681,0.638,768,8.01
IllegalImmi,C_RC,8,Sep,168,112,57,37,0.6744,0.6975,768,8.19
IllegalImmi,C_RC,6,Sep,168,112,57,37,0.6966,0.6306,768,8.58
IllegalImmi,C_RC,9,Sep,168,112,57,37,0.6479,0.707,768,8.12
IllegalImmi,C_L,0,Sep,169,91,56,31,0.7409,0.7601,768,7.50
IllegalImmi,C_LC,0,Sep,169,382,56,128,0.6205,0.5938,768,17.13
IllegalImmi,C_LC,1,Sep,169,382,56,128,0.6463,0.5396,768,16.69
IllegalImmi,C_LC,2,Sep,169,382,56,128,0.6573,0.5525,768,16.45
IllegalImmi,C_LC,3,Sep,169,382,56,128,0.6225,0.6283,768,16.87
IllegalImmi,C_LC,5,Sep,169,382,56,128,0.6026,0.6211,768,15.83
IllegalImmi,C_LC,4,Sep,169,382,56,128,0.6331,0.6429,768,17.93
IllegalImmi,C_LC,8,Sep,169,382,56,128,0.6422,0.6116,768,16.20
IllegalImmi,C_LC,6,Sep,169,382,56,128,0.6182,0.6613,768,17.11
IllegalImmi,C_LC,7,Sep,169,382,56,128,0.5968,0.649,768,16.61
IllegalImmi,C_L,1,Sep,169,91,56,31,0.7362,0.6904,768,8.19
IllegalImmi,C_LC,9,Sep,169,382,56,128,0.6144,0.6797,768,16.78
IllegalImmi,C_L,2,Sep,169,91,56,31,0.7863,0.6457,768,6.81
IllegalImmi,C_L,3,Sep,169,91,56,31,0.723,0.7477,768,7.25
IllegalImmi,C_L,4,Sep,169,91,56,31,0.6726,0.7961,768,7.35
IllegalImmi,C_L,6,Sep,169,91,56,31,0.7619,0.7494,768,6.85
IllegalImmi,C_L,5,Sep,169,91,56,31,0.7265,0.735,768,7.86
IllegalImmi,C_L,7,Sep,169,91,56,31,0.7667,0.7584,768,7.97
IllegalImmi,C_L,9,Sep,169,91,56,31,0.7337,0.7834,768,7.29
IllegalImmi,C_L,8,Sep,169,91,56,31,0.71,0.6904,768,7.66
IllegalImmi,LC_R,1,Sep,382,208,128,69,0.7017,0.6682,768,18.45
IllegalImmi,LC_R,0,Sep,382,208,128,69,0.6992,0.7195,768,19.70
IllegalImmi,LC_R,2,Sep,382,208,128,69,0.7276,0.6319,768,19.78
IllegalImmi,LC_R,4,Sep,382,208,128,69,0.7102,0.6665,768,18.97
IllegalImmi,LC_RC,0,Sep,382,112,128,37,0.5936,0.6065,768,14.64
IllegalImmi,LC_R,6,Sep,382,208,128,69,0.6959,0.6904,768,17.76
IllegalImmi,LC_R,5,Sep,382,208,128,69,0.7048,0.7357,768,19.89
IllegalImmi,LC_R,3,Sep,382,208,128,69,0.6951,0.7144,768,22.15
IllegalImmi,LC_R,7,Sep,382,208,128,69,0.7042,0.7078,768,20.57
IllegalImmi,LC_R,8,Sep,382,208,128,69,0.7023,0.7267,768,18.35
IllegalImmi,LC_R,9,Sep,382,208,128,69,0.6788,0.7318,768,18.46
IllegalImmi,LC_RC,1,Sep,382,112,128,37,0.6064,0.6311,768,13.69
IllegalImmi,LC_RC,4,Sep,382,112,128,37,0.5398,0.6642,768,14.52
IllegalImmi,LC_RC,3,Sep,382,112,128,37,0.5913,0.5966,768,14.77
IllegalImmi,L_R,1,Sep,91,208,31,69,0.6964,0.6253,768,9.91
IllegalImmi,LC_RC,5,Sep,382,112,128,37,0.5834,0.6239,768,13.90
IllegalImmi,LC_RC,2,Sep,382,112,128,37,0.5969,0.545,768,16.85
IllegalImmi,L_R,0,Sep,91,208,31,69,0.7074,0.6833,768,11.30
IllegalImmi,LC_RC,6,Sep,382,112,128,37,0.5916,0.5981,768,14.79
IllegalImmi,LC_RC,7,Sep,382,112,128,37,0.5665,0.6101,768,14.49
IllegalImmi,LC_RC,8,Sep,382,112,128,37,0.6,0.5825,768,14.47
IllegalImmi,LC_RC,9,Sep,382,112,128,37,0.6112,0.5675,768,14.65
IllegalImmi,L_R,2,Sep,91,208,31,69,0.701,0.6405,768,9.59
IllegalImmi,L_RC,1,Sep,91,112,31,37,0.6671,0.6822,768,5.47
IllegalImmi,L_RC,0,Sep,91,112,31,37,0.7038,0.6927,768,6.51
IllegalImmi,L_R,4,Sep,91,208,31,69,0.709,0.6155,768,9.19
IllegalImmi,L_R,3,Sep,91,208,31,69,0.6756,0.6019,768,9.71
IllegalImmi,L_R,7,Sep,91,208,31,69,0.6837,0.597,768,8.69
IllegalImmi,L_R,5,Sep,91,208,31,69,0.6676,0.6269,768,9.70
IllegalImmi,L_R,6,Sep,91,208,31,69,0.685,0.6108,768,9.38
IllegalImmi,L_R,9,Sep,91,208,31,69,0.661,0.6727,768,8.51
IllegalImmi,L_RC,2,Sep,91,112,31,37,0.7093,0.6116,768,6.23
IllegalImmi,L_RC,3,Sep,91,112,31,37,0.6974,0.6308,768,6.33
IllegalImmi,L_R,8,Sep,91,208,31,69,0.6832,0.6583,768,11.85
IllegalImmi,L_RC,4,Sep,91,112,31,37,0.6936,0.6042,768,6.50
IllegalImmi,L_RC,5,Sep,91,112,31,37,0.7134,0.6465,768,6.76
IllegalImmi,L_RC,6,Sep,91,112,31,37,0.6741,0.6521,768,6.76
IllegalImmi,L_RC,7,Sep,91,112,31,37,0.6507,0.5824,768,6.66
IllegalImmi,L_RC,8,Sep,91,112,31,37,0.6655,0.7114,768,6.41
IllegalImmi,L_RC,9,Sep,91,112,31,37,0.6683,0.6417,768,7.80
IllegalImmi,L_LC,1,Sep,92,382,30,128,0.6563,0.6583,768,10.65
IllegalImmi,L_LC,0,Sep,91,383,31,127,0.6827,0.66,768,11.88
IllegalImmi,L_LC,2,Sep,91,383,31,127,0.6742,0.6278,768,11.83
IllegalImmi,L_LC,4,Sep,91,383,31,127,0.6952,0.5904,768,10.49
IllegalImmi,L_LC,3,Sep,91,383,31,127,0.6526,0.6317,768,12.26
IllegalImmi,L_LC,5,Sep,92,382,30,128,0.6791,0.6807,768,11.08
IllegalImmi,L_LC,6,Sep,91,383,31,127,0.6816,0.6769,768,11.39
IllegalImmi,L_LC,7,Sep,92,382,30,128,0.6814,0.5984,768,11.70
IllegalImmi,L_LC,9,Sep,91,383,31,127,0.6659,0.6514,768,11.48
IllegalImmi,L_LC,8,Sep,92,382,30,128,0.6555,0.7091,768,11.84
